' NMC_333 at temperature 0.0 K.
' File generated by IDL:
' Instrument: NOMAD
'TOF                  Is/Iv                   Error
  1246.443822061        2.086118460           0.013886692                     
  1247.493668574        2.085983753           0.013853412                     
  1248.544548837        2.079778910           0.013781367                     
  1249.596167492        2.044556141           0.013607655                     
  1250.648524539        2.046282291           0.013529094                     
  1251.701915337        2.005805731           0.013316852                     
  1252.756339883        1.991439581           0.013175608                     
  1253.811502823        1.962767720           0.012984125                     
  1254.867404154        1.935264349           0.012808006                     
  1255.924339236        1.916982412           0.012659474                     
  1256.982012710        1.867586851           0.012430644                     
  1258.041015290        1.851720691           0.012309267                     
  1259.100460906        1.848918796           0.012235992                     
  1260.160940272        1.830406547           0.012120079                     
  1261.222305708        1.832316875           0.012089982                     
  1262.284704895        1.818746805           0.012018957                     
  1263.347842473        1.828747869           0.012044427                     
  1264.411866123        1.806743026           0.011978287                     
  1265.476775844        1.804723620           0.011979394                     
  1266.542571636        1.819671273           0.012033976                     
  1267.609548856        1.814728498           0.012039254                     
  1268.677116790        1.832552433           0.012127165                     
  1269.745718473        1.862842321           0.012245995                     
  1270.815058549        1.872959971           0.012316793                     
  1271.885580053        1.874046087           0.012345696                     
  1272.956839950        1.877371907           0.012393576                     
  1274.028985918        1.869024992           0.012395722                     
  1275.101870278        1.878016353           0.012441112                     
  1276.176083745        1.899940729           0.012522864                     
  1277.250887925        1.895630717           0.012508939                     
  1278.326725856        1.894248009           0.012505409                     
  1279.403302179        1.901789308           0.012522560                     
  1280.480764573        1.882288814           0.012445254                     
  1281.559556073        1.891932964           0.012456448                     
  1282.638938288        1.887814641           0.012429905                     
  1283.719206574        1.887111187           0.012395405                     
  1284.800360930        1.876318216           0.012335484                     
  1285.882696715        1.860438228           0.012264852                     
  1286.965623214        1.852811933           0.012226651                     
  1288.049583462        1.844664454           0.012175353                     
  1289.134429782        1.856055975           0.012195110                     
  1290.220162172        1.841415405           0.012139821                     
  1291.307075990        1.855415463           0.012168043                     
  1292.394580523        1.857177019           0.012161306                     
  1293.483118805        1.851691365           0.012156626                     
  1294.572395480        1.855854154           0.012185338                     
  1295.663001261        1.846158862           0.012154707                     
  1296.754345435        1.859775662           0.012211113                     
  1297.846428001        1.864448547           0.012236638                     
  1298.939544317        1.854617834           0.012225848                     
  1300.033399025        1.865713954           0.012263043                     
  1301.128730519        1.873379946           0.012306006                     
  1302.224505047        1.883345366           0.012330688                     
  1303.321313326        1.878739119           0.012330199                     
  1304.418859997        1.892739296           0.012371066                     
  1305.517883453        1.883708596           0.012346387                     
  1306.617349945        1.874105573           0.012306637                     
  1307.717850186        1.891516924           0.012352465                     
  1308.819236498        1.874393702           0.012292684                     
  1309.921508882        1.870049000           0.012254954                     
  1311.024962693        1.882281899           0.012276291                     
  1312.129154897        1.877744794           0.012251682                     
  1313.234233172        1.868350029           0.012211756                     
  1314.340345197        1.874487758           0.012217489                     
  1315.447490971        1.869425178           0.012187258                     
  1316.555375137        1.869273901           0.012171479                     
  1317.664293053        1.861730337           0.012131111                     
  1318.773949362        1.861186862           0.012130961                     
  1319.884639420        1.858336091           0.012114689                     
  1320.996658585        1.848343015           0.012084392                     
  1322.109120786        1.875955343           0.012177991                     
  1323.222616736        1.878241777           0.012187907                     
  1324.337146435        1.873463750           0.012163765                     
  1325.452857563        1.882095337           0.012205376                     
  1326.569159404        1.872461677           0.012178831                     
  1327.686347317        1.874645710           0.012184017                     
  1328.804568979        1.890223861           0.012238617                     
  1329.923972069        1.888549089           0.012247241                     
  1331.044113552        1.881123543           0.012223411                     
  1332.165141106        1.896739960           0.012258750                     
  1333.287054731        1.881584883           0.012213933                     
  1334.410002105        1.875190735           0.012194537                     
  1335.534130908        1.878837705           0.012201250                     
  1336.658998103        1.875161171           0.012176566                     
  1337.784751369        1.875576377           0.012162190                     
  1338.911390706        1.889338851           0.012191705                     
  1340.039359150        1.875438094           0.012134737                     
  1341.167918307        1.868289471           0.012107037                     
  1342.297511215        1.854733348           0.012052036                     
  1343.427990193        1.864322305           0.012071752                     
  1344.559650599        1.875883102           0.012097587                     
  1345.692049398        1.865412951           0.012063999                     
  1346.825481947        1.873704672           0.012082530                     
  1347.959800566        1.872393370           0.012064699                     
  1349.095300614        1.869701505           0.012057144                     
  1350.231391376        1.855361462           0.012027777                     
  1351.368811244        1.869969845           0.012071275                     
  1352.506969505        1.870850801           0.012062458                     
  1353.646013836        1.882065773           0.012099563                     
  1354.786239596        1.874213815           0.012084836                     
  1355.927203749        1.875535131           0.012089022                     
  1357.069349329        1.881050944           0.012115239                     
  1358.212380981        1.890029907           0.012135879                     
  1359.356446382        1.879695296           0.012106453                     
  1360.501250175        1.865468979           0.012064207                     
  1361.647235397        1.875545979           0.012097501                     
  1362.794106690        1.878093243           0.012095385                     
  1363.941864053        1.886446238           0.012113254                     
  1365.090655167        1.871850967           0.012060857                     
  1366.240332351        1.870169282           0.012046925                     
  1367.391190964        1.876461864           0.012054465                     
  1368.542787968        1.873330593           0.012032797                     
  1369.695566402        1.857890487           0.011979339                     
  1370.849230906        1.864110112           0.011982835                     
  1372.003929159        1.876832128           0.012008465                     
  1373.159365805        1.876141191           0.012002000                     
  1374.315836201        1.867249608           0.011968514                     
  1375.473488025        1.846334815           0.011907717                     
  1376.632025920        1.867049694           0.011953507                     
  1377.791597564        1.860632658           0.011937639                     
  1378.951907601        1.850834727           0.011907497                     
  1380.113399066        1.864559412           0.011958706                     
  1381.275776602        1.872640610           0.011980701                     
  1382.439335566        1.888296247           0.012029802                     
  1383.603632923        1.885873318           0.012020744                     
  1384.769111708        1.874260545           0.011989871                     
  1385.935328885        1.869568348           0.011980104                     
  1387.102579812        1.867475748           0.011976409                     
  1388.271012167        1.882258534           0.012017786                     
  1389.440182914        1.882694125           0.012025795                     
  1390.610535090        1.865394115           0.011976974                     
  1391.781773336        1.873824596           0.011993412                     
  1392.954045332        1.886878610           0.012023185                     
  1394.127203399        1.883678079           0.012007702                     
  1395.301542895        1.891321182           0.012018941                     
  1396.476768461        1.883253574           0.011990220                     
  1397.653027777        1.864809394           0.011934493                     
  1398.830173163        1.881728888           0.011975305                     
  1400.008204621        1.885587931           0.011969960                     
  1401.187417507        1.882749319           0.011955940                     
  1402.367516464        1.895602226           0.011983667                     
  1403.548796849        1.893259525           0.011968319                     
  1404.730963306        1.870981574           0.011898561                     
  1405.914163511        1.869995952           0.011890458                     
  1407.098249788        1.864246607           0.011877808                     
  1408.283517493        1.871884108           0.011893939                     
  1409.469523590        1.864668250           0.011866809                     
  1410.656563437        1.877160668           0.011898331                     
  1411.844932390        1.866648436           0.011878949                     
  1413.033892058        1.875963807           0.011911221                     
  1414.224180832        1.863383055           0.011868399                     
  1415.415207998        1.867206693           0.011874152                     
  1416.607564272        1.858303189           0.011854938                     
  1417.800511259        1.852737546           0.011834333                     
  1418.994787353        1.882180214           0.011912717                     
  1420.189949517        1.880713701           0.011903656                     
  1421.385997753        1.884026408           0.011906258                     
  1422.583227417        1.870738506           0.011862656                     
  1423.781343152        1.878927350           0.011882269                     
  1424.980640315        1.891200900           0.011911471                     
  1426.180823549        1.884697795           0.011883436                     
  1427.382188212        1.882314324           0.011873036                     
  1428.584291266        1.884566665           0.011869204                     
  1429.787723427        1.889583945           0.011876079                     
  1430.991893981        1.874789715           0.011830777                     
  1432.197098285        1.871614218           0.011818477                     
  1433.403484016        1.875967622           0.011826541                     
  1434.610608140        1.874503970           0.011814444                     
  1435.819061371        1.869996428           0.011785143                     
  1437.028252994        1.880286098           0.011821051                     
  1438.238773723        1.884046197           0.011839666                     
  1439.450032845        1.887952447           0.011848032                     
  1440.662621074        1.871930480           0.011802355                     
  1441.875947696        1.868618608           0.011784059                     
  1443.090308066        1.879989147           0.011817854                     
  1444.305849865        1.884327412           0.011830353                     
  1445.522277735        1.885609031           0.011837672                     
  1446.739887033        1.886333704           0.011839499                     
  1447.958234724        1.879858971           0.011822783                     
  1449.177911521        1.872601509           0.011797593                     
  1450.398474389        1.876112938           0.011804436                     
  1451.620218685        1.871396780           0.011783153                     
  1452.842701374        1.865751863           0.011762178                     
  1454.066513170        1.860580325           0.011736432                     
  1455.291211036        1.875782847           0.011772868                     
  1456.516942652        1.884106278           0.011791411                     
  1457.743708017        1.870900631           0.011749782                     
  1458.971359454        1.875893831           0.011762107                     
  1460.200339997        1.896895528           0.011811421                     
  1461.430206611        1.893810391           0.011792949                     
  1462.661106975        1.883902431           0.011760698                     
  1463.893041088        1.878132701           0.011731893                     
  1465.126156630        1.872154713           0.011713776                     
  1466.360010564        1.867994905           0.011700695                     
  1467.595193604        1.871932745           0.011715715                     
  1468.831262716        1.879496694           0.011734034                     
  1470.068217898        1.884040236           0.011741590                     
  1471.306502187        1.890812159           0.011758567                     
  1472.545672548        1.881464243           0.011727726                     
  1473.786024336        1.887803316           0.011744912                     
  1475.027262195        1.896549344           0.011772844                     
  1476.269829161        1.874563336           0.011711396                     
  1477.513134519        1.876928926           0.011704588                     
  1478.757621306        1.884134769           0.011723521                     
  1480.003141842        1.875866532           0.011698709                     
  1481.249548449        1.877156973           0.011693995                     
  1482.497284163        1.886323929           0.011712806                     
  1483.745905947        1.891504526           0.011721363                     
  1484.995709160        1.876623034           0.011673750                     
  1486.246398444        1.869691730           0.011641223                     
  1487.498269156        1.877172232           0.011649476                     
  1488.751025939        1.875464439           0.011640385                     
  1490.005111828        1.870828509           0.011626939                     
  1491.259936110        1.876117229           0.011633870                     
  1492.515941820        1.871553183           0.011612646                     
  1493.773128958        1.874208212           0.011615086                     
  1495.031202168        1.886395097           0.011646013                     
  1496.290456805        1.859557509           0.011566913                     
  1497.550597513        1.859990954           0.011565937                     
  1498.812067328        1.885456681           0.011637573                     
  1500.074423214        1.880330920           0.011617985                     
  1501.337960528        1.871623397           0.011590999                     
  1502.602383913        1.875515103           0.011599289                     
  1503.867841048        1.883121371           0.011619581                     
  1505.134627289        1.876465440           0.011606115                     
  1506.402299601        1.877334356           0.011608587                     
  1507.671153341        1.873254061           0.011594756                     
  1508.941040831        1.877988696           0.011603242                     
  1510.211962071        1.867893100           0.011570582                     
  1511.483917060        1.869447470           0.011568447                     
  1512.757053477        1.880736470           0.011593717                     
  1514.031075965        1.870552063           0.011556090                     
  1515.306279881        1.875898957           0.011561591                     
  1516.582665225        1.879212499           0.011568881                     
  1517.860084319        1.862236857           0.011516493                     
  1519.138537162        1.862427354           0.011508178                     
  1520.417876076        1.873971224           0.011530140                     
  1521.698544097        1.867109776           0.011499357                     
  1522.980245868        1.850944757           0.011444384                     
  1524.262981388        1.861436129           0.011465963                     
  1525.546750657        1.877178431           0.011507422                     
  1526.831849034        1.886073589           0.011529953                     
  1528.117685802        1.883356810           0.011514273                     
  1529.404851678        1.870862722           0.011480244                     
  1530.693051302        1.863803387           0.011455763                     
  1531.982136998        1.867706776           0.011458866                     
  1533.272551801        1.882508397           0.011503502                     
  1534.563852674        1.881680250           0.011505136                     
  1535.856482654        1.879929423           0.011497747                     
  1537.149998705        1.874523997           0.011485970                     
  1538.444843863        1.860197902           0.011451752                     
  1539.740575092        1.873480439           0.011488226                     
  1541.037487749        1.884644032           0.011513419                     
  1542.335434155        1.878084302           0.011488505                     
  1543.634414311        1.886304498           0.011506150                     
  1544.934575895        1.891289592           0.011520613                     
  1546.235771228        1.884182096           0.011501054                     
  1547.538147990        1.879963279           0.011483409                     
  1548.841558501        1.872712612           0.011452280                     
  1550.146150440        1.890837789           0.011493716                     
  1551.451776129        1.885783076           0.011474191                     
  1552.758583246        1.861200213           0.011390370                     
  1554.066276434        1.856826544           0.011370836                     
  1555.375151050        1.862174630           0.011379364                     
  1556.685354772        1.876409411           0.011405746                     
  1557.996296887        1.875540614           0.011390887                     
  1559.308715787        1.868767977           0.011363044                     
  1560.622020759        1.871051073           0.011363755                     
  1561.936507158        1.874882817           0.011368350                     
  1563.252027307        1.867965817           0.011346307                     
  1564.568728883        1.858005524           0.011313206                     
  1565.886464210        1.863954782           0.011324194                     
  1567.205233286        1.879555821           0.011367143                     
  1568.525331468        1.879204392           0.011367560                     
  1569.846463400        1.876308560           0.011356981                     
  1571.168776761        1.868134260           0.011331715                     
  1572.491976192        1.863989711           0.011315705                     
  1573.816504730        1.882183552           0.011363654                     
  1575.142067017        1.884028435           0.011371768                     
  1576.468810732        1.876488566           0.011350972                     
  1577.796588197        1.889421463           0.011383205                     
  1579.125399412        1.875607491           0.011340406                     
  1580.455539733        1.879552722           0.011349498                     
  1581.786861482        1.884238720           0.011356383                     
  1583.119069302        1.863362074           0.011290581                     
  1584.452310872        1.859849930           0.011267731                     
  1585.786881548        1.867801905           0.011286272                     
  1587.122485974        1.878485322           0.011317357                     
  1588.459419507        1.872491837           0.011293223                     
  1589.797239110        1.869099975           0.011275670                     
  1591.136387820        1.879589200           0.011301846                     
  1592.476422601        1.874974132           0.011281707                     
  1593.817786489        1.860355616           0.011234854                     
  1595.160184126        1.868976235           0.011252739                     
  1596.503615513        1.880610347           0.011276549                     
  1597.848376006        1.872431159           0.011250424                     
  1599.194170249        1.868503213           0.011236988                     
  1600.541145920        1.876530886           0.011257595                     
  1601.889155341        1.891699910           0.011295118                     
  1603.238346189        1.880838633           0.011259839                     
  1604.588718466        1.870170593           0.011228613                     
  1605.940272171        1.881546140           0.011263290                     
  1607.292859625        1.889061093           0.011280708                     
  1608.646480829        1.880976439           0.011254100                     
  1610.001578818        1.862500072           0.011204595                     
  1611.357562878        1.876106501           0.011236530                     
  1612.714876044        1.879434705           0.011234378                     
  1614.073075282        1.871434093           0.011209555                     
  1615.432603626        1.877526641           0.011223500                     
  1616.793165720        1.885015607           0.011234703                     
  1618.155056920        1.897929788           0.011261713                     
  1619.517834192        1.905120611           0.011274157                     
  1620.881792891        1.895251155           0.011239844                     
  1622.247228375        1.884660244           0.011204817                     
  1623.613402252        1.879802346           0.011189160                     
  1624.981052915        1.873993039           0.011168543                     
  1626.349589648        1.868978858           0.011147217                     
  1627.719603166        1.867543221           0.011132520                     
  1629.090502755        1.876029253           0.011144974                     
  1630.462731451        1.882995367           0.011159455                     
  1631.835846218        1.887617230           0.011170829                     
  1633.210142413        1.884157896           0.011159533                     
  1634.585915393        1.882515788           0.011149097                     
  1635.962722123        1.878693223           0.011130926                     
  1637.340562602        1.877265811           0.011125360                     
  1638.719584509        1.880272865           0.011133963                     
  1640.099935523        1.870975256           0.011103020                     
  1641.481172608        1.875353694           0.011111300                     
  1642.863886477        1.880177498           0.011123179                     
  1644.247486418        1.882625580           0.011124562                     
  1645.632267787        1.882954955           0.011123699                     
  1647.018525942        1.864243269           0.011065071                     
  1648.405817845        1.865327597           0.011060925                     
  1649.794143498        1.870675087           0.011075297                     
  1651.183650580        1.871045589           0.011071571                     
  1652.574486768        1.877673507           0.011086553                     
  1653.966209026        1.884756804           0.011102119                     
  1655.359408070        1.887441278           0.011106172                     
  1656.753640864        1.877900958           0.011078018                     
  1658.148907407        1.882764935           0.011083414                     
  1659.545650735        1.894703031           0.011105857                     
  1660.943575491        1.870524645           0.011037854                     
  1662.342386319        1.858981967           0.011006922                     
  1663.742526253        1.869766235           0.011031789                     
  1665.143847614        1.872947931           0.011032837                     
  1666.546202726        1.878031373           0.011042191                     
  1667.950034623        1.882755995           0.011054594                     
  1669.354752590        1.877549410           0.011039937                     
  1670.760799664        1.881503701           0.011052022                     
  1672.168028167        1.885364890           0.011058175                     
  1673.576585775        1.878772736           0.011031867                     
  1674.986177134        1.883398294           0.011041773                     
  1676.396802242        1.886880994           0.011047493                     
  1677.808904135        1.887716532           0.011047595                     
  1679.221892099        1.888545036           0.011047912                     
  1680.636356848        1.886301160           0.011039400                     
  1682.051855346        1.889335990           0.011043477                     
  1683.468682952        1.904128075           0.011074035                     
  1684.886544306        1.903443098           0.011066257                     
  1686.305734768        1.900184631           0.011054652                     
  1687.725958979        1.894542813           0.011041118                     
  1689.147364618        1.891177893           0.011027392                     
  1690.570247042        1.887347937           0.011010462                     
  1691.994015537        1.886051059           0.011001577                     
  1693.419260817        1.885455489           0.010993075                     
  1694.845539847        1.889905810           0.011001247                     
  1696.273147983        1.896327257           0.011016123                     
  1697.701789869        1.893554926           0.011011319                     
  1699.131760862        1.891951442           0.011001685                     
  1700.562765604        1.885777712           0.010979138                     
  1701.994951774        1.884166121           0.010977491                     
  1703.428614729        1.897289395           0.011009004                     
  1704.863459112        1.908142328           0.011036479                     
  1706.299337245        1.896998167           0.011007861                     
  1707.736396806        1.892685771           0.010991114                     
  1709.174933152        1.890686035           0.010980555                     
  1710.614355569        1.895244479           0.010988586                     
  1712.055254771        1.892187834           0.010980242                     
  1713.497187722        1.887701392           0.010964731                     
  1714.940302102        1.891348124           0.010967171                     
  1716.384893267        1.891160846           0.010962665                     
  1717.830665859        1.895772696           0.010974239                     
  1719.277324523        1.904144287           0.010993082                     
  1720.725459972        1.905318499           0.010990361                     
  1722.174776849        1.911964417           0.011002406                     
  1723.625275154        1.901072979           0.010968449                     
  1725.077102566        1.889439344           0.010933275                     
  1726.529963727        1.891485691           0.010930928                     
  1727.984153995        1.888612866           0.010917567                     
  1729.439673369        1.892609358           0.010927285                     
  1730.896374172        1.902361989           0.010950754                     
  1732.354108723        1.899643183           0.010940580                     
  1733.813172382        1.907624125           0.010953422                     
  1735.273565147        1.912422419           0.010961649                     
  1736.735139340        1.909934282           0.010953980                     
  1738.198042640        1.898366094           0.010916841                     
  1739.661832011        1.906281948           0.010937870                     
  1741.127098167        1.915929556           0.010958116                     
  1742.593693429        1.910309196           0.010942860                     
  1744.061470120        1.899051666           0.010916935                     
  1745.530428238        1.902243137           0.010920966                     
  1747.000420106        1.894167423           0.010892674                     
  1748.472036438        1.900009036           0.010903803                     
  1749.944538841        1.902302504           0.010905872                     
  1751.418665707        1.889890552           0.010872576                     
  1752.893678644        1.895786166           0.010881960                     
  1754.370168367        1.906391621           0.010903755                     
  1755.847691839        1.901259422           0.010888731                     
  1757.326692096        1.891587615           0.010859193                     
  1758.806873781        1.898987293           0.010869546                     
  1760.288089216        1.905060291           0.010874127                     
  1761.770781436        1.906012058           0.010872970                     
  1763.254655083        1.900578380           0.010856204                     
  1764.739857838        1.901395082           0.010857609                     
  1766.226094342        1.906938314           0.010863048                     
  1767.713955309        1.901212573           0.010841614                     
  1769.202702348        1.895720482           0.010821864                     
  1770.692926172        1.900771260           0.010829768                     
  1772.184183745        1.903374434           0.010830202                     
  1773.676770425        1.889576435           0.010793896                     
  1775.170833890        1.884094238           0.010778514                     
  1776.665931104        1.894592643           0.010804125                     
  1778.162357425        1.891351104           0.010787624                     
  1779.659965174        1.876026154           0.010740932                     
  1781.159049709        1.897558808           0.010795645                     
  1782.659167992        1.899013519           0.010795540                     
  1784.160763061        1.896715641           0.010785374                     
  1785.663391879        1.896304727           0.010779990                     
  1787.167349804        1.897456765           0.010781660                     
  1788.672636836        1.894769669           0.010779096                     
  1790.179252974        1.904513717           0.010797893                     
  1791.687050540        1.899717808           0.010778619                     
  1793.196029534        1.896592855           0.010769353                     
  1794.706485314        1.905747056           0.010789178                     
  1796.217974842        1.903293848           0.010774580                     
  1797.730941156        1.897896886           0.010755591                     
  1799.245088898        1.892423034           0.010739006                     
  1800.760418068        1.899111629           0.010753562                     
  1802.277224024        1.884985328           0.010713992                     
  1803.795359085        1.898495436           0.010742352                     
  1805.314527896        1.915551782           0.010783279                     
  1806.835025814        1.911040187           0.010770154                     
  1808.357000517        1.912524462           0.010771435                     
  1809.880008970        1.898421526           0.010729907                     
  1811.404494207        1.907186508           0.010756100                     
  1812.930013194        1.909997225           0.010762135                     
  1814.456861288        1.908559680           0.010753230                     
  1815.985333845        1.910789847           0.010754189                     
  1817.514987831        1.910377145           0.010746188                     
  1819.045675565        1.901116848           0.010716236                     
  1820.577692407        1.905851364           0.010731880                     
  1822.111186033        1.915610552           0.010755137                     
  1823.645861088        1.907227755           0.010727528                     
  1825.182012928        1.908424139           0.010728397                     
  1826.719198517        1.910998702           0.010728894                     
  1828.257565534        1.921066046           0.010750905                     
  1829.797557015        1.905290484           0.010704424                     
  1831.338877602        1.915419936           0.010724958                     
  1832.881231940        1.922480226           0.010737733                     
  1834.424915383        1.918613315           0.010722121                     
  1835.970075612        1.914234519           0.010710104                     
  1837.516417268        1.917314410           0.010712010                     
  1839.064235710        1.923739433           0.010720179                     
  1840.613087902        1.915870070           0.010696644                     
  1842.163416878        1.913310289           0.010680021                     
  1843.714927283        1.905252814           0.010656783                     
  1845.268062151        1.903684497           0.010649008                     
  1846.822083090        1.917830229           0.010680395                     
  1848.377433135        1.923943639           0.010695178                     
  1849.934407645        1.905813217           0.010639623                     
  1851.492415904        1.906037331           0.010640485                     
  1853.052048626        1.907363772           0.010638989                     
  1854.612715098        1.920548916           0.010669751                     
  1856.174858355        1.919534087           0.010669931                     
  1857.738183040        1.913592458           0.010644011                     
  1859.302984510        1.921925187           0.010660676                     
  1860.868967409        1.915138125           0.010647361                     
  1862.436131735        1.911859751           0.010641395                     
  1864.004920525        1.914704919           0.010641860                     
  1865.575038421        1.920952320           0.010653025                     
  1867.146337746        1.930556178           0.010675868                     
  1868.718818499        1.927266479           0.010657166                     
  1870.292923715        1.920057178           0.010638206                     
  1871.868062681        1.914240003           0.010624387                     
  1873.444826110        1.913777351           0.010623858                     
  1875.022623289        1.899469733           0.010580559                     
  1876.601749574        1.911922812           0.010608847                     
  1878.182500323        1.939510822           0.010674525                     
  1879.764580179        1.931109548           0.010648109                     
  1881.347693784        1.920259476           0.010618010                     
  1882.932284175        1.926755548           0.010630671                     
  1884.518203671        1.927281141           0.010629686                     
  1886.105452275        1.917170048           0.010597264                     
  1887.694177663        1.917400837           0.010595555                     
  1889.283936801        1.916832805           0.010588307                     
  1890.875172725        1.914748430           0.010582254                     
  1892.467885433        1.929545164           0.010618254                     
  1894.061927248        1.926005363           0.010601958                     
  1895.657150490        1.910417676           0.010564422                     
  1897.253702840        1.907742262           0.010551870                     
  1898.851879653        1.922867775           0.010581006                     
  1900.451090215        1.921956778           0.010576935                     
  1902.051925242        1.918098211           0.010563764                     
  1903.653794017        1.920710802           0.010568539                     
  1905.257139578        1.913930297           0.010548853                     
  1906.861961924        1.909742475           0.010531121                     
  1908.468113376        1.921517015           0.010554861                     
  1910.075446257        1.920099258           0.010545559                     
  1911.684108244        1.913851857           0.010518997                     
  1913.294394695        1.909552097           0.010499764                     
  1914.905862573        1.908687711           0.010495157                     
  1916.518807237        1.913719535           0.010505345                     
  1918.132933329        1.933062315           0.010551924                     
  1919.748683884        1.926805496           0.010530371                     
  1921.365468189        1.926234484           0.010521556                     
  1922.983876958        1.929962873           0.010528075                     
  1924.603467155        1.928207994           0.010517400                     
  1926.224386458        1.921729803           0.010493378                     
  1927.846930225        1.928154826           0.010503311                     
  1929.470507741        1.930983305           0.010512404                     
  1931.095709721        1.928523540           0.010508974                     
  1932.722240808        1.925248981           0.010500688                     
  1934.350101001        1.928026080           0.010507200                     
  1935.979290300        1.935607433           0.010521462                     
  1937.609956385        1.938400149           0.010522280                     
  1939.241951576        1.940531850           0.010525356                     
  1940.875128196        1.948846936           0.010543651                     
  1942.510076957        1.941920996           0.010522569                     
  1944.146207147        1.923882961           0.010472978                     
  1945.783666443        1.929983020           0.010486475                     
  1947.422307167        1.937064052           0.010502238                     
  1949.062720033        1.938897014           0.010502132                     
  1950.704314328        1.927149653           0.010467806                     
  1952.347385407        1.939697504           0.010497543                     
  1953.991637915        1.948017836           0.010509083                     
  1955.637367207        1.946105838           0.010491764                     
  1957.284720963        1.929540873           0.010450629                     
  1958.933403826        1.933797240           0.010454325                     
  1960.583120438        1.930794954           0.010444249                     
  1962.234461514        1.939506292           0.010461513                     
  1963.887279375        1.929075003           0.010434668                     
  1965.541278664        1.924337387           0.010409639                     
  1967.196902417        1.935105324           0.010431691                     
  1968.853707598        1.930657148           0.010415462                     
  1970.511841885        1.936843038           0.010426652                     
  1972.171748314        1.926685214           0.010396179                     
  1973.832836172        1.928286433           0.010401169                     
  1975.495253135        1.931439281           0.010398206                     
  1977.158999206        1.941978216           0.010420712                     
  1978.824517419        1.929630876           0.010389519                     
  1980.491069381        1.933528066           0.010395806                     
  1982.159245807        1.926833391           0.010373678                     
  1983.828751339        1.935131669           0.010395480                     
  1985.499438299        1.954772830           0.010439693                     
  1987.171897402        1.949607491           0.010417433                     
  1988.845833289        1.944400191           0.010397726                     
  1990.520802927        1.948897600           0.010409179                     
  1992.197249349        1.946949840           0.010398867                     
  1993.875320235        1.945525050           0.010393872                     
  1995.554572548        1.950040221           0.010394821                     
  1997.235597004        1.927255154           0.010341512                     
  1998.917655210        1.932024121           0.010345030                     
  2000.601337879        1.957227349           0.010397116                     
  2002.286349655        1.938272357           0.010346429                     
  2003.972838216        1.930754185           0.010325964                     
  2005.660655883        1.937845349           0.010341412                     
  2007.349802657        1.932992816           0.010327721                     
  2009.040721573        1.922734976           0.010288684                     
  2010.732674238        1.919230342           0.010283666                     
  2012.426399046        1.939319968           0.010323784                     
  2014.121305282        1.952979326           0.010349133                     
  2015.817835981        1.939559817           0.010324042                     
  2017.515548108        1.929009080           0.010292854                     
  2019.215032378        1.945468783           0.010331375                     
  2020.915698075        1.944796562           0.010325680                     
  2022.617692879        1.937545300           0.010303114                     
  2024.321312147        1.932569385           0.010285436                     
  2026.026260521        1.925050974           0.010269541                     
  2027.732833359        1.930625319           0.010274025                     
  2029.440587625        1.948600650           0.010314530                     
  2031.150114033        1.945993900           0.010302509                     
  2032.860821869        1.949898243           0.010309387                     
  2034.573154169        1.939587831           0.010281295                     
  2036.286667897        1.937022805           0.010269345                     
  2038.001658409        1.931258678           0.010250982                     
  2039.718273386        1.934569240           0.010251818                     
  2041.436365147        1.941709638           0.010265394                     
  2043.155786015        1.955207705           0.010295271                     
  2044.876535990        1.937919259           0.010249607                     
  2046.598910428        1.937064528           0.010240097                     
  2048.322613973        1.921955705           0.010199379                     
  2050.047941981        1.927865386           0.010203455                     
  2051.774599096        1.937636495           0.010222893                     
  2053.502585318        1.935942650           0.010218633                     
  2055.232343681        1.934910178           0.010215529                     
  2056.963431151        1.935765386           0.010208437                     
  2058.695847728        1.942079186           0.010222673                     
  2060.429741090        1.939174056           0.010214103                     
  2062.165258915        1.936116934           0.010204170                     
  2063.902105847        1.956643820           0.010244254                     
  2065.640577243        1.942053318           0.010214245                     
  2067.380230066        1.942030668           0.010211439                     
  2069.121359675        1.945569634           0.010215827                     
  2070.864261426        1.959803104           0.010241833                     
  2072.608639962        1.958446026           0.010237620                     
  2074.354199926        1.957372546           0.010229525                     
  2076.101236675        1.952936649           0.010218125                     
  2077.850045566        1.969700694           0.010250831                     
  2079.600331242        1.939191818           0.010176446                     
  2081.351798346        1.947888732           0.010190192                     
  2083.104742236        1.935626626           0.010157133                     
  2084.859015232        1.955553174           0.010199816                     
  2086.615208048        1.967565060           0.010221960                     
  2088.372877650        1.960817218           0.010199405                     
  2090.131728679        1.959267020           0.010188953                     
  2091.892056494        1.960957527           0.010189980                     
  2093.654156451        1.952625751           0.010166427                     
  2095.417585514        1.956445694           0.010165136                     
  2097.182343684        1.967677116           0.010191071                     
  2098.948726318        1.941560149           0.010126108                     
  2100.716438058        1.949398160           0.010134215                     
  2102.485921940        1.958744526           0.010157935                     
  2104.256882607        1.952116609           0.010136466                     
  2106.029172381        1.954516053           0.010141539                     
  2107.802938940        1.970499039           0.010174506                     
  2109.578329963        1.959126472           0.010150144                     
  2111.355345449        1.962995887           0.010156455                     
  2113.133542363        1.975925684           0.010183530                     
  2114.913216062        1.966698050           0.010162085                     
  2116.694366547        1.961281538           0.010150971                     
  2118.477289173        1.963799953           0.010151317                     
  2120.261836263        1.963357210           0.010148983                     
  2122.047564781        1.986301064           0.010195508                     
  2123.834770085        1.970807195           0.010156642                     
  2125.623747530        1.955205441           0.010117512                     
  2127.414201760        1.963540673           0.010134792                     
  2129.205985097        1.970103383           0.010148284                     
  2130.999097541        1.977819443           0.010162684                     
  2132.793834448        1.973927498           0.010151380                     
  2134.590343497        1.981658340           0.010157475                     
  2136.388477010        1.973470449           0.010136348                     
  2138.187791950        1.976321578           0.010141567                     
  2139.988583676        1.966823339           0.010111973                     
  2141.791147544        1.973490000           0.010120989                     
  2143.595188197        1.979911327           0.010140129                     
  2145.400557957        1.979643583           0.010132528                     
  2147.207404502        1.969432592           0.010102540                     
  2149.016170867        1.964057803           0.010087104                     
  2150.825970982        1.979047656           0.010113757                     
  2152.637690918        1.975378633           0.010096993                     
  2154.450739960        1.975451589           0.010102216                     
  2156.265265787        1.971498728           0.010090857                     
  2158.081563756        1.988969684           0.010126417                     
  2159.899338510        1.976687670           0.010094897                     
  2161.718442371        1.971926093           0.010078295                     
  2163.539023017        1.978145838           0.010095265                     
  2165.361375805        1.981136680           0.010092555                     
  2167.185353057        1.963055849           0.010044616                     
  2169.010659415        1.974512696           0.010065961                     
  2170.837442559        1.974031687           0.010068026                     
  2172.665702487        1.982760787           0.010079242                     
  2174.495734557        1.990197659           0.010092069                     
  2176.327391092        1.990983129           0.010089798                     
  2178.160376732        1.986994028           0.010078225                     
  2179.994839158        1.988408923           0.010076568                     
  2181.831073726        1.975951791           0.010044675                     
  2183.668932757        1.987996936           0.010071535                     
  2185.507973217        1.990523100           0.010075976                     
  2187.348638140        2.002522945           0.010097769                     
  2189.190927526        1.993228316           0.010068829                     
  2191.034841377        1.984554172           0.010050925                     
  2192.880527369        1.994568586           0.010068861                     
  2194.727394789        1.986024737           0.010048363                     
  2196.575738995        1.998872638           0.010067189                     
  2198.426003021        1.995358825           0.010061730                     
  2200.277743832        1.978984475           0.010021728                     
  2202.130961428        1.989581943           0.010041081                     
  2203.985508131        1.985986114           0.010030748                     
  2205.841826976        1.995666862           0.010047638                     
  2207.699770284        1.983230233           0.010011884                     
  2209.559485735        2.002929926           0.010058567                     
  2211.420382614        1.998808146           0.010045391                     
  2213.282903956        1.993417740           0.010027312                     
  2215.147197440        1.994460344           0.010024921                     
  2217.012967710        1.987347722           0.010007704                     
  2218.880214764        1.994223356           0.010015165                     
  2220.748938604        2.003621101           0.010031161                     
  2222.619286907        2.004672527           0.010032102                     
  2224.491555031        1.989685059           0.009991252                     
  2226.365299939        1.981547832           0.009971129                     
  2228.240373955        1.991882801           0.009990998                     
  2230.116924755        2.007713556           0.010021784                     
  2231.995543055        1.972865343           0.009938755                     
  2233.875490461        1.987835884           0.009964961                     
  2235.756914652        1.976894855           0.009937604                     
  2237.639963307        1.978881717           0.009944515                     
  2239.524784104        1.987771749           0.009955425                     
  2241.410934008        1.978747606           0.009934382                     
  2243.298856053        1.985337615           0.009948029                     
  2245.188254884        1.997128248           0.009973440                     
  2247.079130500        2.001766205           0.009979728                     
  2248.971925936        2.005740404           0.009984820                     
  2250.866345836        1.977232575           0.009926575                     
  2252.761947164        1.993025422           0.009956058                     
  2254.659320634        2.007588863           0.009990298                     
  2256.558466246        2.014878511           0.010001144                     
  2258.459236322        2.010163069           0.009986359                     
  2260.361335504        1.996646762           0.009956216                     
  2262.265059150        2.013048887           0.009988559                     
  2264.170407260        1.992491841           0.009938338                     
  2266.077527512        2.014525652           0.009982206                     
  2267.986272227        1.997570872           0.009945089                     
  2269.896493727        1.995610595           0.009934310                     
  2271.808192012        2.003220797           0.009948128                     
  2273.721810118        2.005324364           0.009944989                     
  2275.637052688        2.005824804           0.009947058                     
  2277.553624364        2.013053894           0.009967276                     
  2279.471820504        2.019306421           0.009968237                     
  2281.391493429        2.016690969           0.009957718                     
  2283.313233853        2.028625727           0.009984130                     
  2285.236598740        2.022564173           0.009968776                     
  2287.161145056        2.021805763           0.009959613                     
  2289.087463513        2.012547255           0.009940362                     
  2291.015554113        2.026826143           0.009963443                     
  2292.945416855        2.011999846           0.009925156                     
  2294.876608703        2.027045488           0.009957630                     
  2296.809277337        2.023552418           0.009945646                     
  2298.743718113        2.026675224           0.009954466                     
  2300.680078709        2.020346403           0.009936138                     
  2302.617916090        2.020176649           0.009932846                     
  2304.557230256        2.023091793           0.009939140                     
  2306.498168886        2.027347326           0.009940042                     
  2308.441027337        2.031558514           0.009952417                     
  2310.385510251        2.023771524           0.009921926                     
  2312.331322272        2.022418737           0.009928106                     
  2314.278758756        2.012333632           0.009898381                     
  2316.227819704        2.025916576           0.009925686                     
  2318.178948151        2.018426895           0.009908824                     
  2320.131553383        2.023609638           0.009916091                     
  2322.085635400        2.036239862           0.009940935                     
  2324.041341881        2.031454802           0.009932886                     
  2325.998968182        2.011840582           0.009876792                     
  2327.958218947        2.015996456           0.009886431                     
  2329.918798819        2.032898664           0.009921751                     
  2331.881003154        2.028539658           0.009906822                     
  2333.845274988        2.019425869           0.009878684                     
  2335.810875929        2.039919138           0.009922246                     
  2337.778396690        2.048694611           0.009937504                     
  2339.747246558        2.028332472           0.009888674                     
  2341.717868568        2.026619196           0.009879610                     
  2343.690410399        2.028439760           0.009878044                     
  2345.664576693        2.031660795           0.009883958                     
  2347.640072094        2.033957005           0.009882607                     
  2349.617339637        2.017753363           0.009847721                     
  2351.596379322        2.023568869           0.009854084                     
  2353.576895792        2.032534838           0.009871413                     
  2355.559479761        2.020451069           0.009843837                     
  2357.543392837        2.012699127           0.009821340                     
  2359.528930376        2.003302097           0.009794199                     
  2361.516387736        2.018125296           0.009818220                     
  2363.505617238        2.029147863           0.009843378                     
  2365.496175847        2.018090487           0.009816902                     
  2367.488358919        2.017556667           0.009814870                     
  2369.482609490        2.030700445           0.009846037                     
  2371.478484525        2.021094322           0.009821335                     
  2373.475688667        2.035655975           0.009855204                     
  2375.474664950        2.041275501           0.009856654                     
  2377.475413376        2.042623520           0.009862701                     
  2379.477933944        2.041042566           0.009861161                     
  2381.482226654        2.055042982           0.009894660                     
  2383.487996149        2.047101974           0.009872646                     
  2385.495390107        2.032570362           0.009840037                     
  2387.504703886        2.028590441           0.009825290                     
  2389.515789808        2.025880575           0.009818627                     
  2391.528352514        2.037413597           0.009843818                     
  2393.542539684        2.022844315           0.009807929                     
  2395.558351317        2.027810812           0.009814078                     
  2397.576230450        2.038378000           0.009841706                     
  2399.595734046        2.046852589           0.009849092                     
  2401.616714427        2.051104069           0.009864801                     
  2403.639319272        2.033031225           0.009814239                     
  2405.663991616        2.044572830           0.009843994                     
  2407.690436102        2.030723095           0.009801599                     
  2409.718209695        2.041934490           0.009823232                     
  2411.747607751        2.054191828           0.009846165                     
  2413.778925628        2.036522627           0.009810450                     
  2415.812015647        2.059120893           0.009854200                     
  2417.847025486        2.049007177           0.009824064                     
  2419.883364432        2.055148602           0.009835825                     
  2421.921327842        2.054242849           0.009833503                     
  2423.961358751        2.057076693           0.009832131                     
  2426.003161802        2.052552938           0.009820850                     
  2428.046441638        2.041908979           0.009796514                     
  2430.091345937        2.034930229           0.009781958                     
  2432.138022379        2.048283100           0.009802775                     
  2434.186618641        2.058222532           0.009831222                     
  2436.236987045        2.038892984           0.009783880                     
  2438.288832235        2.046075106           0.009793583                     
  2440.342449566        2.062838078           0.009832679                     
  2442.397986718        2.049470425           0.009804231                     
  2444.455296013        2.059931278           0.009817715                     
  2446.514082092        2.050325155           0.009799212                     
  2448.574492635        2.045339584           0.009788881                     
  2450.636970677        2.042782784           0.009783364                     
  2452.700925504        2.066116571           0.009829441                     
  2454.766947830        2.056375742           0.009806290                     
  2456.834299263        2.058295727           0.009802721                     
  2458.903570516        2.075632572           0.009842703                     
  2460.974761590        2.057778120           0.009801648                     
  2463.047724806        2.062353849           0.009806849                     
  2465.122164807        2.075955629           0.009835100                     
  2467.198229272        2.067792892           0.009815798                     
  2469.276508914        2.056764126           0.009791001                     
  2471.356413020        2.076949120           0.009835223                     
  2473.437793911        2.039558172           0.009744716                     
  2475.520946945        2.047793627           0.009764649                     
  2477.605872120        2.042770863           0.009754265                     
  2479.692864794        2.052343369           0.009764004                     
  2481.781629610        2.057934284           0.009776639                     
  2483.871871212        2.073290110           0.009806885                     
  2485.963589599        2.060198069           0.009774215                     
  2488.057670841        2.042464256           0.009736541                     
  2490.153524226        2.054027081           0.009759184                     
  2492.250559039        2.046395063           0.009740546                     
  2494.349661351        2.060859203           0.009768246                     
  2496.450535805        2.078682661           0.009802924                     
  2498.553182401        2.061450005           0.009763649                     
  2500.657896496        2.059009552           0.009754911                     
  2502.764087377        2.061580181           0.009760478                     
  2504.871755042        2.068908215           0.009768640                     
  2506.981785564        2.058984995           0.009746311                     
  2509.093588227        2.070872068           0.009769568                     
  2511.206572319        2.069535494           0.009772931                     
  2513.321623910        2.082878113           0.009798142                     
  2515.438447643        2.082997561           0.009797884                     
  2517.557043518        2.066243887           0.009753712                     
  2519.677706892        2.057910204           0.009731182                     
  2521.799847051        2.079764605           0.009779078                     
  2523.923759352        2.074003220           0.009758524                     
  2526.049739153        2.076117516           0.009765433                     
  2528.177491095        2.080343962           0.009768363                     
  2530.306719823        2.081930399           0.009777330                     
  2532.437720693        2.073006153           0.009750253                     
  2534.570789061        2.098546505           0.009805386                     
  2536.705629572        2.077523470           0.009758820                     
  2538.842242225        2.079205751           0.009764856                     
  2540.980627020        2.075167656           0.009754602                     
  2543.120488600        2.081487656           0.009761877                     
  2545.262713037        2.084263563           0.009761678                     
  2547.406709615        2.060612917           0.009715960                     
  2549.552182979        2.092542410           0.009776707                     
  2551.699428484        2.079353333           0.009750820                     
  2553.848741489        2.082132339           0.009754200                     
  2555.999826636        2.091599226           0.009771652                     
  2558.152683924        2.086185694           0.009762806                     
  2560.307313355        2.090532303           0.009765574                     
  2562.463419571        2.097810268           0.009774036                     
  2564.621888644        2.071607828           0.009718513                     
  2566.782129858        2.098732948           0.009774029                     
  2568.943847857        2.105121613           0.009783919                     
  2571.107633356        2.098756313           0.009771991                     
  2573.273190996        2.119700193           0.009807627                     
  2575.440816136        2.104595900           0.009771933                     
  2577.609918061        2.098552942           0.009757737                     
  2579.780792127        2.112159967           0.009781729                     
  2581.953438336        2.116763353           0.009788850                     
  2584.128447401        2.107117653           0.009762757                     
  2586.304933252        2.107229233           0.009763958                     
  2588.483191244        2.109262466           0.009763511                     
  2590.663221378        2.115474463           0.009777933                     
  2592.845614369        2.129305363           0.009804418                     
  2595.029484144        2.107698202           0.009754679                     
  2597.215126062        2.102287054           0.009740356                     
  2599.402540121        2.107082844           0.009747002                     
  2601.591726323        2.087091446           0.009704166                     
  2603.783275381        2.088048935           0.009703974                     
  2605.976301224        2.086052179           0.009699860                     
  2608.171099209        2.102682352           0.009729546                     
  2610.367669336        2.097059488           0.009708623                     
  2612.566602320        2.095710278           0.009709319                     
  2614.767307445        2.117260695           0.009746533                     
  2616.969489356        2.101574659           0.009715673                     
  2619.173443408        2.110195637           0.009725128                     
  2621.379464960        2.103421926           0.009710192                     
  2623.587258654        2.104865789           0.009707391                     
  2625.797415204        2.101846218           0.009694022                     
  2628.008753182        2.130213499           0.009755967                     
  2630.222158659        2.109592438           0.009702221                     
  2632.437631635        2.104047298           0.009685915                     
  2634.655172111        2.117615938           0.009713480                     
  2636.873894014        2.138599873           0.009750384                     
  2639.094683416        2.127714396           0.009729713                     
  2641.317540318        2.107187748           0.009680962                     
  2643.542169362        2.123464108           0.009709271                     
  2645.769161262        2.138957500           0.009740287                     
  2647.997334590        2.135845900           0.009732560                     
  2650.227575417        2.132194042           0.009716939                     
  2652.459883743        2.140281439           0.009734691                     
  2654.694259568        2.171015024           0.009800288                     
  2656.929816821        2.160797596           0.009775321                     
  2659.167736931        2.151241541           0.009751877                     
  2661.407429182        2.138659716           0.009726025                     
  2663.648893576        2.138479233           0.009720299                     
  2665.892720826        2.123421431           0.009685930                     
  2668.138024860        2.146525145           0.009731674                     
  2670.385101037        2.138555527           0.009713751                     
  2672.634244713        2.124602795           0.009676853                     
  2674.885751246        2.135022402           0.009695263                     
  2677.138439206        2.128407478           0.009681919                     
  2679.393194665        2.125078201           0.009671770                     
  2681.650017624        2.122523069           0.009663855                     
  2683.908612724        2.125097275           0.009664747                     
  2686.169275324        2.127408981           0.009662489                     
  2688.431710066        2.120147705           0.009648579                     
  2690.695916949        2.116914511           0.009634023                     
  2692.962191332        2.126013994           0.009654639                     
  2695.230828572        2.108695030           0.009608718                     
  2697.500647239        2.122162580           0.009632378                     
  2699.772533405        2.130850792           0.009651202                     
  2702.046487070        2.137268543           0.009656556                     
  2704.322508235        2.130695343           0.009641487                     
  2706.600301541        2.145944834           0.009670075                     
  2708.879866990        2.127045870           0.009636371                     
  2711.161204581        2.131793261           0.009634006                     
  2713.444905028        2.142976284           0.009659961                     
  2715.730377617        2.129253149           0.009623318                     
  2718.017622348        2.117032766           0.009596255                     
  2720.306934578        2.131091833           0.009624322                     
  2722.598314307        2.131409883           0.009622012                     
  2724.891466179        2.124721527           0.009606797                     
  2727.186390192        2.129617929           0.009615023                     
  2729.483381705        2.117742777           0.009588610                     
  2731.782145360        2.120819807           0.009586020                     
  2734.083271870        2.136148214           0.009618749                     
  2736.386170523        2.143556118           0.009629963                     
  2738.690841318        2.124759674           0.009590109                     
  2740.997284256        2.126932144           0.009594815                     
  2743.306090049        2.141221762           0.009616325                     
  2745.616963341        2.136598825           0.009603922                     
  2747.929313419        2.138239861           0.009607160                     
  2750.243730995        2.141709805           0.009611376                     
  2752.559920714        2.144819498           0.009616681                     
  2754.878473289        2.142970800           0.009612876                     
  2757.199093362        2.146787167           0.009609728                     
  2759.521190221        2.160495758           0.009637059                     
  2761.845354579        2.153144836           0.009617074                     
  2764.171586437        2.144157648           0.009601436                     
  2766.500181150        2.143501043           0.009593050                     
  2768.829957291        2.158149242           0.009620547                     
  2771.162096289        2.158232450           0.009615476                     
  2773.496007428        2.146059275           0.009586392                     
  2775.831986067        2.163057566           0.009617181                     
  2778.170327562        2.147816420           0.009584530                     
  2780.510145842        2.156773567           0.009600835                     
  2782.851736264        2.155131102           0.009592234                     
  2785.195984899        2.167362452           0.009615443                     
  2787.542005676        2.171164274           0.009618889                     
  2789.889503239        2.176936626           0.009624522                     
  2792.239363657        2.162468433           0.009590165                     
  2794.591291575        2.168336630           0.009601048                     
  2796.944991634        2.166066647           0.009592402                     
  2799.300759193        2.179011822           0.009613800                     
  2801.658594251        2.151916981           0.009559608                     
  2804.018201451        2.156189442           0.009564303                     
  2806.379876150        2.143407106           0.009536392                     
  2808.743913705        2.149233580           0.009540593                     
  2811.109428046        2.152448654           0.009548409                     
  2813.477009885        2.148647070           0.009539180                     
  2815.846954581        2.153976440           0.009544970                     
  2818.218671418        2.140468359           0.009512128                     
  2820.592160398        2.135161400           0.009499452                     
  2822.967716877        2.142249107           0.009517103                     
  2825.345340855        2.138808012           0.009501476                     
  2827.725327689        2.143647432           0.009508505                     
  2830.107086665        2.147389412           0.009510360                     
  2832.490617783        2.133553267           0.009486296                     
  2834.876216401        2.143298626           0.009497429                     
  2837.264177874        2.145163774           0.009500349                     
  2839.653911490        2.147195339           0.009496901                     
  2842.045712605        2.147062540           0.009493593                     
  2844.439285861        2.147511721           0.009484993                     
  2846.834926617        2.153659105           0.009490827                     
  2849.232634872        2.151137352           0.009484485                     
  2851.632705984        2.149544954           0.009479515                     
  2854.034549237        2.139283419           0.009456464                     
  2856.438164632        2.153410673           0.009474482                     
  2858.844142884        2.154814482           0.009474992                     
  2861.252188634        2.162644386           0.009484771                     
  2863.662006527        2.155611277           0.009471846                     
  2866.073891919        2.150146484           0.009454732                     
  2868.487844810        2.164664030           0.009484511                     
  2870.903865200        2.179341555           0.009511685                     
  2873.322248446        2.176172495           0.009500698                     
  2875.742108477        2.172180891           0.009492797                     
  2878.164036007        2.186382532           0.009514994                     
  2880.588326394        2.177525997           0.009494247                     
  2883.014979636        2.183219433           0.009501848                     
  2885.442814307        2.175719023           0.009483323                     
  2887.873011834        2.169586420           0.009470683                     
  2890.305276860        2.176656723           0.009486952                     
  2892.739904742        2.174742460           0.009482639                     
  2895.176600123        2.171382904           0.009470525                     
  2897.614772289        2.181290627           0.009485244                     
  2900.055307311        2.171593904           0.009465515                     
  2902.498205190        2.178922176           0.009476227                     
  2904.942875210        2.190697193           0.009497574                     
  2907.389612730        2.167870760           0.009449385                     
  2909.838122392        2.168890715           0.009448883                     
  2912.289290267        2.168735027           0.009441396                     
  2914.741934927        2.167975187           0.009436499                     
  2917.197237800        2.189278841           0.009470506                     
  2919.654017458        2.173188686           0.009439349                     
  2922.112864615        2.175389767           0.009437179                     
  2924.574369986        2.179586172           0.009442531                     
  2927.037942856        2.179617167           0.009441584                     
  2929.502992510        2.188599586           0.009452424                     
  2931.970405021        2.188632011           0.009446072                     
  2934.439885031        2.212989569           0.009496924                     
  2936.911727897        2.192023516           0.009453376                     
  2939.385342905        2.200966597           0.009466631                     
  2941.860730055        2.210892439           0.009482706                     
  2944.338480062        2.189509392           0.009435583                     
  2946.818592924        2.209654808           0.009476144                     
  2949.300773286        2.196245670           0.009447466                     
  2951.784725789        2.200230837           0.009452372                     
  2954.270745792        2.179914713           0.009409529                     
  2956.759128651        2.199158669           0.009443733                     
  2959.249874366        2.183078527           0.009409973                     
  2961.742096866        2.189478159           0.009419456                     
  2964.236386865        2.202893257           0.009441587                     
  2966.733039721        2.196450233           0.009429886                     
  2969.232055432        2.205353022           0.009440621                     
  2971.733138643        2.207701206           0.009442437                     
  2974.235993996        2.200947762           0.009425917                     
  2976.740916847        2.193016768           0.009406191                     
  2979.248202555        2.201578379           0.009418071                     
  2981.757555762        2.211842060           0.009435952                     
  2984.268976469        2.212384462           0.009431691                     
  2986.782464674        2.214536190           0.009431345                     
  2989.297725021        2.226123095           0.009446589                     
  2991.815938939        2.226499319           0.009447496                     
  2994.335924998        2.219336033           0.009427541                     
  2996.857683200        2.229797363           0.009443811                     
  2999.381804258        2.243390560           0.009468776                     
  3001.908288172        2.238190651           0.009453511                     
  3004.436839585        2.238442898           0.009454805                     
  3006.967163140        2.243193626           0.009461243                     
  3009.499554194        2.240300894           0.009448143                     
  3012.034308105        2.252747536           0.009474315                     
  3014.571424871        2.249865055           0.009466868                     
  3017.110609137        2.239677668           0.009444801                     
  3019.651860902        2.244801760           0.009452644                     
  3022.194884809        2.243982792           0.009447537                     
  3024.740566929        2.232589960           0.009421184                     
  3027.288316548        2.236979723           0.009430423                     
  3029.838133666        2.238274813           0.009429392                     
  3032.389722926        2.249716520           0.009445611                     
  3034.943970400        2.260722399           0.009466300                     
  3037.500285372        2.256410837           0.009453472                     
  3040.058667844        2.248724937           0.009432707                     
  3042.619117815        2.248508215           0.009428988                     
  3045.181635285        2.251720905           0.009431490                     
  3047.746810968        2.242976427           0.009408932                     
  3050.313758793        2.240751028           0.009399264                     
  3052.882774117        2.231856823           0.009375588                     
  3055.454152297        2.228641987           0.009363634                     
  3058.027893334        2.237857819           0.009380093                     
  3060.603406513        2.236364365           0.009368233                     
  3063.181282547        2.243753195           0.009375780                     
  3065.761226081        2.229964733           0.009345139                     
  3068.343237114        2.234204054           0.009349021                     
  3070.927611003        2.212764263           0.009300395                     
  3073.514347748        2.208361149           0.009288183                     
  3076.102856636        2.218805552           0.009304994                     
  3078.693728379        2.223320961           0.009311847                     
  3081.286962979        2.227777481           0.009314622                     
  3083.882560434        2.239639282           0.009335201                     
  3086.479634675        2.244611025           0.009346051                     
  3089.079071772        2.233462334           0.009318583                     
  3091.680871725        2.243175030           0.009336424                     
  3094.285034534        2.243615389           0.009334533                     
  3096.891560199        2.231884003           0.009310713                     
  3099.499858007        2.242977142           0.009329980                     
  3102.110223313        2.246274471           0.009332764                     
  3104.723246833        2.227336884           0.009297335                     
  3107.338337852        2.239536047           0.009317545                     
  3109.955496369        2.271746635           0.009376662                     
  3112.574722386        2.258360624           0.009349042                     
  3115.196015903        2.260880470           0.009350020                     
  3117.819967632        2.251139641           0.009329023                     
  3120.446282217        2.270055294           0.009364080                     
  3123.074368945        2.287264824           0.009388152                     
  3125.704818528        2.287331581           0.009386291                     
  3128.337630968        2.294573069           0.009394546                     
  3130.972510907        2.277901649           0.009362333                     
  3133.609458344        2.302979946           0.009399014                     
  3136.248768639        2.298286915           0.009386423                     
  3138.890146432        2.283531904           0.009352772                     
  3141.534182438        2.280490398           0.009338912                     
  3144.180285943        2.274412394           0.009322548                     
  3146.828456948        2.264287472           0.009297665                     
  3149.478695451        2.263448477           0.009289971                     
  3152.131592168        2.257053852           0.009278138                     
  3154.786556384        2.260990858           0.009280569                     
  3157.443588099        2.266052008           0.009283892                     
  3160.102982670        2.267653227           0.009282971                     
  3162.764444740        2.258320332           0.009259621                     
  3165.428565024        2.251870871           0.009241030                     
  3168.094752806        2.243870497           0.009224298                     
  3170.763008088        2.253862619           0.009240683                     
  3173.433330869        2.259104490           0.009244849                     
  3176.106607220        2.250203371           0.009226230                     
  3178.781951069        2.252167463           0.009225789                     
  3181.459067062        2.254125357           0.009225483                     
  3184.138545910        2.278509378           0.009267013                     
  3186.820682971        2.270803452           0.009248989                     
  3189.504592175        2.261545897           0.009225896                     
  3192.191159591        2.261104584           0.009219413                     
  3194.879794507        2.257968187           0.009209179                     
  3197.570496922        2.282851219           0.009256789                     
  3200.263857550        2.275260210           0.009238438                     
  3202.959581034        2.266560316           0.009214540                     
  3205.657076660        2.290051222           0.009251264                     
  3208.356935142        2.288901567           0.009242395                     
  3211.059451838        2.280613661           0.009224401                     
  3213.764331389        2.290264845           0.009237384                     
  3216.470983083        2.305880547           0.009262161                     
  3219.179997633        2.299946308           0.009249443                     
  3221.891079681        2.309224844           0.009261619                     
  3224.605115301        2.309147358           0.009256916                     
  3227.321218419        2.331075668           0.009294494                     
  3230.039093679        2.338321686           0.009304501                     
  3232.759627152        2.322805643           0.009273650                     
  3235.482523482        2.334525585           0.009292362                     
  3238.208078025        2.330230236           0.009282249                     
  3240.935109352        2.326646328           0.009270687                     
  3243.664798893        2.321584940           0.009257558                     
  3246.396555933        2.320711374           0.009250192                     
  3249.131266543        2.320071459           0.009248135                     
  3251.868044653        2.327053308           0.009259007                     
  3254.606890261        2.322060823           0.009245953                     
  3257.347803369        2.339321375           0.009273624                     
  3260.091670046        2.327081680           0.009248620                     
  3262.837604223        2.320273876           0.009227706                     
  3265.585605899        2.314750671           0.009214176                     
  3268.335970431        2.306109667           0.009193691                     
  3271.088697819        2.315113306           0.009208669                     
  3273.844083420        2.317571402           0.009209850                     
  3276.601536521        2.340942621           0.009249442                     
  3279.361057120        2.330010891           0.009224153                     
  3282.123235933        2.317638159           0.009197352                     
  3284.887777602        2.318109751           0.009191998                     
  3287.654682127        2.331921577           0.009214078                     
  3290.423654151        2.326963186           0.009203275                     
  3293.194693674        2.338041782           0.009219342                     
  3295.968391410        2.341450930           0.009219006                     
  3298.744747359        2.338412523           0.009211419                     
  3301.523170808        2.351406336           0.009234697                     
  3304.303957113        2.355219126           0.009237482                     
  3307.086810916        2.367247581           0.009255337                     
  3309.872322933        2.401077271           0.009312200                     
  3312.660493163        2.418458939           0.009342483                     
  3315.450435535        2.408126593           0.009322760                     
  3318.242740764        2.404918671           0.009315734                     
  3321.037704205        2.396396875           0.009293827                     
  3323.834735146        2.381762743           0.009266729                     
  3326.634424299        2.385333538           0.009270758                     
  3329.436180952        2.379925489           0.009258698                     
  3332.240300461        2.379762411           0.009257683                     
  3335.047078183        2.378337383           0.009249522                     
  3337.856514118        2.389464855           0.009267537                     
  3340.667722196        2.378499985           0.009243723                     
  3343.481293129        2.374584675           0.009233300                     
  3346.297522276        2.400897741           0.009276984                     
  3349.116114278        2.397095919           0.009267317                     
  3351.936773780        2.414253473           0.009294495                     
  3354.759796138        2.431490183           0.009322850                     
  3357.585181352        2.432008505           0.009319417                     
  3360.413520136        2.446744204           0.009342871                     
  3363.243926420        2.465315104           0.009370749                     
  3366.076695559        2.465683460           0.009369229                     
  3368.911532198        2.457118988           0.009348620                     
  3371.749322406        2.444601774           0.009319819                     
  3374.589475471        2.430847168           0.009290188                     
  3377.431400678        2.446421623           0.009313988                     
  3380.275984098        2.440083981           0.009302427                     
  3383.122930374        2.423850775           0.009271204                     
  3385.972534864        2.420976877           0.009261302                     
  3388.824797566        2.408770323           0.009234871                     
  3391.678832411        2.385270834           0.009189869                     
  3394.535230112        2.368702173           0.009159908                     
  3397.394581382        2.360984802           0.009143642                     
  3400.256000152        2.357851744           0.009135814                     
  3403.120077136        2.370033503           0.009155317                     
  3405.986221618        2.356424093           0.009126537                     
  3408.855319670        2.355218410           0.009122712                     
  3411.726189865        2.350159168           0.009114728                     
  3414.600013629        2.359065771           0.009125622                     
  3417.475904893        2.360291719           0.009123998                     
  3420.354159013        2.368345022           0.009137662                     
  3423.235071346        2.392892361           0.009178079                     
  3426.118346535        2.384486675           0.009162400                     
  3429.003984581        2.378837109           0.009148040                     
  3431.891985482        2.388367414           0.009164809                     
  3434.782939954        2.407582045           0.009193175                     
  3437.675666567        2.428521395           0.009227141                     
  3440.571346751        2.427639961           0.009220476                     
  3443.469094434        2.438488245           0.009237418                     
  3446.369500330        2.438090563           0.009232541                     
  3449.271973725        2.431081057           0.009216730                     
  3452.177105334        2.431956053           0.009213528                     
  3455.084895155        2.429460764           0.009201551                     
  3457.994752476        2.446042776           0.009228204                     
  3460.907563366        2.449559689           0.009230222                     
  3463.822441756        2.461042643           0.009247825                     
  3466.740273716        2.442669392           0.009210853                     
  3469.659877818        2.433868647           0.009190566                     
  3472.582435491        2.430249691           0.009180525                     
  3475.507060662        2.422312975           0.009166207                     
  3478.434344047        2.415776491           0.009149549                     
  3481.364285644        2.417148829           0.009148013                     
  3484.296294741        2.405289650           0.009127622                     
  3487.231257408        2.410929441           0.009137054                     
  3490.168287574        2.417109251           0.009143539                     
  3493.107975953        2.438210249           0.009182137                     
  3496.050027189        2.465456724           0.009229603                     
  3498.994736637        2.487410069           0.009262837                     
  3501.941808942        2.471263409           0.009231560                     
  3504.890948745        2.482846022           0.009252684                     
  3507.843337476        2.485195160           0.009259401                     
  3510.797793706        2.483787775           0.009253299                     
  3513.754908150        2.475223541           0.009234328                     
  3516.714385449        2.493281126           0.009265453                     
  3519.676520961        2.497376442           0.009270863                     
  3522.640723973        2.487390757           0.009252376                     
  3525.608175911        2.473953724           0.009225677                     
  3528.577399992        2.459704876           0.009197342                     
  3531.549577643        2.452699423           0.009185548                     
  3534.523822793        2.456309795           0.009190304                     
  3537.500726156        2.455379486           0.009182867                     
  3540.480287733        2.454598188           0.009180128                     
  3543.462212165        2.462877512           0.009190925                     
  3546.447090168        2.455136776           0.009176614                     
  3549.433740313        2.454176664           0.009171113                     
  3552.423639385        2.449187279           0.009157173                     
  3555.415605956        2.449136019           0.009155061                     
  3558.410526097        2.457867146           0.009168363                     
  3561.407218380        2.438809872           0.009129525                     
  3564.406864233        2.436089993           0.009121219                     
  3567.409168300        2.441997051           0.009130092                     
  3570.413539866        2.439664841           0.009124231                     
  3573.421160359        2.438718319           0.009117654                     
  3576.430848351        2.444506168           0.009124267                     
  3579.443194556        2.439670086           0.009114310                     
  3582.457903617        2.449724913           0.009127316                     
  3585.475566248        2.461829424           0.009148013                     
  3588.495296379        2.454205275           0.009132976                     
  3591.517980079        2.454368353           0.009129196                     
  3594.542731279        2.454034805           0.009127506                     
  3597.570140692        2.447438478           0.009114804                     
  3600.600503675        2.462229252           0.009138183                     
  3603.632934157        2.456827164           0.009124804                     
  3606.668318210        2.450453997           0.009111596                     
  3609.706065118        2.448813200           0.009105865                     
  3612.746470240        2.452614069           0.009111054                     
  3615.789238218        2.451128006           0.009106138                     
  3618.834959766        2.449615717           0.009103228                     
  3621.882748813        2.452174425           0.009103981                     
  3624.933196073        2.455980062           0.009108080                     
  3627.986596903        2.459749222           0.009112021                     
  3631.042065232        2.451248646           0.009095848                     
  3634.100487132        2.458314896           0.009106994                     
  3637.161271888        2.469920874           0.009123598                     
  3640.225010214        2.480700970           0.009138189                     
  3643.290816039        2.479468584           0.009135438                     
  3646.359575434        2.498337269           0.009164802                     
  3649.430697685        2.510448456           0.009181538                     
  3652.504182792        2.513772964           0.009185035                     
  3655.580916827        2.518233299           0.009188521                     
  3658.659423004        2.509034872           0.009169461                     
  3661.741473465        2.502109289           0.009154138                     
  3664.825296068        2.492578030           0.009134513                     
  3667.912367598        2.494768381           0.009135859                     
  3671.001506627        2.484331846           0.009111914                     
  3674.093599226        2.474731922           0.009091703                     
  3677.188054682        2.487967968           0.009112874                     
  3680.285463708        2.488038778           0.009111240                     
  3683.384940232        2.496359825           0.009119990                     
  3686.487074970        2.484484196           0.009097438                     
  3689.592458635        2.487071514           0.009099747                     
  3692.699909800        2.492411852           0.009106861                     
  3695.810314534        2.500727654           0.009117130                     
  3698.923082125        2.504180670           0.009121598                     
  3702.038803285        2.506215572           0.009122454                     
  3705.156591945        2.506305218           0.009121344                     
  3708.277629532        2.499157190           0.009107629                     
  3711.400734618        2.503601789           0.009113602                     
  3714.526497917        2.505681276           0.009115360                     
  3717.655214787        2.513602734           0.009128060                     
  3720.786294512        2.518678427           0.009136448                     
  3723.920623165        2.514678478           0.009128542                     
  3727.056723960        2.517437458           0.009130216                     
  3730.196369039        2.522342920           0.009136866                     
  3733.337786260        2.533560514           0.009152148                     
  3736.482452408        2.549366713           0.009177170                     
  3739.629481412        2.569653988           0.009209122                     
  3742.778873273        2.572271109           0.009211001                     
  3745.931514060        2.576264620           0.009216249                     
  3749.086517704        2.575193167           0.009213729                     
  3752.244474918        2.573172092           0.009205442                     
  3755.404794988        2.571952581           0.009198735                     
  3758.568068628        2.564579725           0.009182163                     
  3761.733409768        2.555009604           0.009162034                     
  3764.901999834        2.556973457           0.009162574                     
  3768.072952757        2.569026947           0.009179811                     
  3771.246859250        2.559634447           0.009160877                     
  3774.423128599        2.568933964           0.009170975                     
  3777.602056161        2.587916374           0.009202060                     
  3780.783937293        2.599158764           0.009217859                     
  3783.968181281        2.621531248           0.009250962                     
  3787.155378840        2.648814201           0.009294495                     
  3790.344939255        2.628132105           0.009257106                     
  3793.537748596        2.611383438           0.009227567                     
  3796.732625437        2.607281208           0.009218617                     
  3799.930751205        2.599052191           0.009202077                     
  3803.131239830        2.596539021           0.009196174                     
  3806.334091310        2.592396021           0.009187191                     
  3809.540487075        2.609324217           0.009213317                     
  3812.748950338        2.616950750           0.009224043                     
  3815.960367172        2.620042801           0.009229998                     
  3819.174146862        2.618826389           0.009227991                     
  3822.391175479        2.609229326           0.009210329                     
  3825.610566952        2.620969057           0.009227397                     
  3828.832911996        2.609241962           0.009209509                     
  3832.057619895        2.584971666           0.009167306                     
  3835.285576722        2.586071730           0.009168164                     
  3838.515601048        2.591456413           0.009177317                     
  3841.748578944        2.576411247           0.009151413                     
  3844.984510410        2.573543072           0.009144550                     
  3848.222804732        2.586336136           0.009166669                     
  3851.464347982        2.575923443           0.009147150                     
  3854.707958730        2.577073574           0.009146496                     
  3857.954818406        2.584187269           0.009156901                     
  3861.204040938        2.585329294           0.009158541                     
  3864.456512397        2.594584227           0.009174230                     
  3867.711346712        2.583261490           0.009154145                     
  3870.968543883        2.596223354           0.009176789                     
  3874.229285339        2.603576422           0.009186325                     
  3877.492094294        2.595633268           0.009168945                     
  3880.758447532        2.612073183           0.009194675                     
  3884.026868270        2.619593620           0.009206615                     
  3887.298242578        2.601649761           0.009175380                     
  3890.572275099        2.602563143           0.009173252                     
  3893.849556548        2.600574732           0.009168463                     
  3897.128905495        2.612686872           0.009184654                     
  3900.411208013        2.628865242           0.009213468                     
  3903.696464101        2.640380859           0.009232961                     
  3906.984378402        2.654527664           0.009252397                     
  3910.275246273        2.646596193           0.009236106                     
  3913.568477000        2.638385534           0.009217597                     
  3916.864956654        2.651723623           0.009237562                     
  3920.163799165        2.670592070           0.009266743                     
  3923.465890603        2.692281485           0.009298068                     
  3926.770344897        2.722639799           0.009345933                     
  3930.078048118        2.740620136           0.009372035                     
  3933.387818838        2.745062828           0.009374737                     
  3936.700543128        2.747873545           0.009377895                     
  3940.016516345        2.741564274           0.009367430                     
  3943.334852419        2.739553690           0.009360019                     
  3946.656437420        2.727629423           0.009337375                     
  3949.980385277        2.731312275           0.009342462                     
  3953.307582061        2.715689659           0.009315850                     
  3956.637141701        2.703917027           0.009295503                     
  3959.969950268        2.697723389           0.009285420                     
  3963.305121692        2.683944225           0.009262738                     
  3966.642951328        2.672220707           0.009241883                     
  3969.984325249        2.681341887           0.009254863                     
  3973.327766669        2.687148333           0.009264500                     
  3976.674752373        2.679082394           0.009253503                     
  3980.023805576        2.687440872           0.009267474                     
  3983.376403064        2.707368851           0.009299077                     
  3986.731068050        2.699412346           0.009287571                     
  3990.089277321        2.684132338           0.009260841                     
  3993.449849448        2.684770107           0.009261440                     
  3996.813079788        2.694132805           0.009278635                     
  4000.179854412        2.702640295           0.009290639                     
  4003.548696535        2.715374708           0.009309287                     
  4006.921082943        2.715498209           0.009310214                     
  4010.295832207        2.726973057           0.009328583                     
  4013.673830397        2.739511728           0.009346981                     
  4017.054191444        2.744381428           0.009351777                     
  4020.437801418        2.748673916           0.009356196                     
  4023.823774249        2.788797855           0.009415304                     
  4027.213291363        2.827382088           0.009473221                     
  4030.604875976        2.857424736           0.009517714                     
  4033.999709517        2.855765820           0.009512079                     
  4037.397496628        2.841181278           0.009487452                     
  4040.797941952        2.820048094           0.009450090                     
  4044.201636203        2.778444052           0.009383356                     
  4047.607693311        2.753987789           0.009340959                     
  4051.016999345        2.748519659           0.009328109                     
  4054.428963593        2.749658108           0.009327306                     
  4057.843881410        2.754238605           0.009334797                     
  4061.261457441        2.750908852           0.009328745                     
  4064.681987042        2.747652054           0.009321473                     
  4068.105765571        2.747545719           0.009320874                     
  4071.531906955        2.731584072           0.009294871                     
  4074.961592624        2.724724770           0.009284980                     
  4078.393641148        2.730776310           0.009294509                     
  4081.828938600        2.728288651           0.009289037                     
  4085.266598908        2.737605333           0.009302693                     
  4088.707803500        2.739548922           0.009305212                     
  4092.151370949        2.745657682           0.009317402                     
  4095.598187324        2.751605511           0.009328979                     
  4099.047661913        2.751448393           0.009329852                     
  4102.499794715        2.757571936           0.009340555                     
  4105.955471801        2.758598566           0.009340547                     
  4109.413807100        2.744405985           0.009318328                     
  4112.875095969        2.730307102           0.009297863                     
  4116.339043051        2.739361286           0.009313163                     
  4119.806239061        2.748014688           0.009324907                     
  4123.276093284        2.736919403           0.009306324                     
  4126.749196434        2.735998631           0.009304354                     
  4130.224957797        2.760153294           0.009342848                     
  4133.703377373        2.772034168           0.009361953                     
  4137.185341233        2.776756763           0.009368012                     
  4140.669667950        2.770985842           0.009358218                     
  4144.157538950        2.752409697           0.009327358                     
  4147.647772807        2.737869263           0.009305935                     
  4151.141550948        2.744210958           0.009315046                     
  4154.637691945        2.757541418           0.009333835                     
  4158.137081870        2.757969379           0.009334432                     
  4161.639130007        2.746321917           0.009314951                     
  4165.144131715        2.748330355           0.009316828                     
  4168.652677707        2.742682219           0.009307945                     
  4172.163586555        2.738994360           0.009301259                     
  4175.677744330        2.744224310           0.009307362                     
  4179.194560318        2.743049145           0.009304931                     
  4182.714920591        2.748593569           0.009312489                     
  4186.237643719        2.754981995           0.009322372                     
  4189.763911132        2.757538557           0.009326678                     
  4193.292541401        2.754301071           0.009320236                     
  4196.824715954        2.755158186           0.009317508                     
  4200.359253363        2.785052061           0.009361307                     
  4203.896744342        2.800488710           0.009384222                     
  4207.437779606        2.807925224           0.009391344                     
  4210.981473083        2.817954540           0.009404280                     
  4214.528415487        2.827381849           0.009417166                     
  4218.078016104        2.830838680           0.009420668                     
  4221.630865648        2.836292028           0.009426575                     
  4225.186373405        2.833439350           0.009418459                     
  4228.745425447        2.818478823           0.009394883                     
  4232.306840344        2.812214375           0.009382939                     
  4235.871504169        2.808504581           0.009375573                     
  4239.439416921        2.827509642           0.009407129                     
  4243.009987886        2.835438490           0.009419911                     
  4246.584103136        2.849358797           0.009438685                     
  4250.160581241        2.887923479           0.009498389                     
  4253.740603631        2.921185732           0.009551563                     
  4257.322988877        2.919457912           0.009549649                     
  4260.909213764        2.908418179           0.009534087                     
  4264.497801507        2.892731428           0.009510182                     
  4268.089342820        2.879316568           0.009490160                     
  4271.684428418        2.882696867           0.009497919                     
  4275.282172228        2.868703604           0.009477804                     
  4278.883460323        2.852789879           0.009455215                     
  4282.487111274        2.847549438           0.009450088                     
  4286.094306509        2.839556217           0.009441164                     
  4289.704159957        2.837617397           0.009439163                     
  4293.317557690        2.838613987           0.009439067                     
  4296.933318278        2.841821671           0.009445252                     
  4300.552623151        2.848808289           0.009457518                     
  4304.174881594        2.854126692           0.009464333                     
  4307.799798250        2.851157665           0.009458910                     
  4311.428259190        2.855714560           0.009467158                     
  4315.059378344        2.862836361           0.009476925                     
  4318.694041781        2.868411779           0.009482643                     
  4322.331363432        2.873046875           0.009488168                     
  4325.972229367        2.879187107           0.009496943                     
  4329.615753515        2.880472183           0.009500102                     
  4333.262526590        2.895288229           0.009521696                     
  4336.912253236        2.915081024           0.009551796                     
  4340.564638094        2.932591200           0.009577652                     
  4344.220862594        2.935494900           0.009582431                     
  4347.879745307        2.931514263           0.009575092                     
  4351.541876947        2.926805496           0.009566477                     
  4355.206962157        2.921460867           0.009558425                     
  4358.875296295        2.907857418           0.009537437                     
  4362.546584002        2.924148798           0.009560879                     
  4366.221120637        2.937437773           0.009581637                     
  4369.898610842        2.928810596           0.009571889                     
  4373.579349974        2.924601316           0.009565255                     
  4377.262747319        2.931810617           0.009573439                     
  4380.949393592        2.926111937           0.009561989                     
  4384.639584148        2.912711382           0.009541081                     
  4388.332432918        2.917659521           0.009550077                     
  4392.028825972        2.924379587           0.009559682                     
  4395.727877239        2.917564631           0.009548386                     
  4399.430472790        2.929434538           0.009566382                     
  4403.135726555        2.950786114           0.009597275                     
  4406.844524603        2.950133562           0.009594363                     
  4410.556276222        2.954848289           0.009601036                     
  4414.270686054        2.967055321           0.009619203                     
  4417.988935527        2.981067657           0.009639896                     
  4421.709843213        2.987706900           0.009650327                     
  4425.434590541        2.997807026           0.009666289                     
  4429.161700724        3.034351826           0.009723194                     
  4432.892355192        3.078200340           0.009788449                     
  4436.625963230        3.127843618           0.009863181                     
  4440.362820195        3.143325090           0.009888555                     
  4444.102630730        3.135098457           0.009874564                     
  4447.845690193        3.107646942           0.009833540                     
  4451.591998582        3.073714733           0.009785142                     
  4455.341260542        3.039201260           0.009736051                     
  4459.094066786        3.020756245           0.009709732                     
  4462.849531243        3.017354727           0.009705130                     
  4466.608835342        3.010452032           0.009698054                     
  4470.370797653        3.002866507           0.009686626                     
  4474.136304249        3.001314878           0.009684158                     
  4477.904469058        3.011563301           0.009700751                     
  4481.676178151        3.017004967           0.009707519                     
  4485.450840814        3.033648252           0.009733591                     
  4489.228457047        3.043703556           0.009749427                     
  4493.009912921        3.030656815           0.009727914                     
  4496.794027009        3.015384674           0.009704804                     
  4500.581685381        3.007261515           0.009693134                     
  4504.372001966        3.003146648           0.009685599                     
  4508.166158192        2.995019197           0.009669542                     
  4511.962972631        2.988181353           0.009659775                     
  4515.763626712        2.994724274           0.009670276                     
  4519.566939006        2.999260664           0.009675945                     
  4523.373204869        3.003684998           0.009683621                     
  4527.183605732        3.009418726           0.009694056                     
  4530.996369450        3.007526636           0.009691714                     
  4534.812972809        3.017260313           0.009706787                     
  4538.632234382        3.040575027           0.009741702                     
  4542.455335595        3.061665773           0.009773559                     
  4546.280799665        3.088534355           0.009816833                     
  4550.110398733        3.133765697           0.009885973                     
  4553.942656015        3.193620205           0.009974230                     
  4557.777866866        3.264421940           0.010080736                     
  4561.617212716        3.331391573           0.010180728                     
  4565.458921421        3.351151466           0.010207812                     
  4569.304469768        3.312960386           0.010153334                     
  4573.152971685        3.254452944           0.010069609                     
  4577.005017887        3.200939655           0.009990136                     
  4580.859722301        3.158522844           0.009928557                     
  4584.718266357        3.133631229           0.009890537                     
  4588.579763983        3.140376091           0.009897587                     
  4592.444805893        3.142635345           0.009898991                     
  4596.312506016        3.151816130           0.009912417                     
  4600.183750423        3.192005634           0.009969505                     
  4604.058539115        3.228853941           0.010021084                     
  4607.935986019        3.242379665           0.010041214                     
  4611.817567922        3.209281206           0.009992040                     
  4615.701512681        3.181017160           0.009949079                     
  4619.589592439        3.148989677           0.009901982                     
  4623.480330409        3.107369661           0.009840992                     
  4627.374612663        3.089218140           0.009813653                     
  4631.271848488        3.084651947           0.009807205                     
  4635.172333240        3.071293831           0.009789828                     
  4639.076657633        3.070549726           0.009791020                     
  4642.983935597        3.079252243           0.009808007                     
  4646.894757844        3.103343487           0.009847103                     
  4650.808533662        3.122159004           0.009879055                     
  4654.725853763        3.143589258           0.009914175                     
  4658.646127435        3.192876101           0.009991145                     
  4662.570240749        3.211321831           0.010024502                     
  4666.497307632        3.190031290           0.009995375                     
  4670.427918799        3.155149221           0.009943670                     
  4674.361483537        3.112350941           0.009882252                     
  4678.298297202        3.076382399           0.009830465                     
  4682.238950508        3.070262909           0.009821180                     
  4686.182262027        3.073579311           0.009827146                     
  4690.129708545        3.065966606           0.009817492                     
  4694.079813275        3.065043688           0.009815733                     
  4698.033757647        3.065050840           0.009812156                     
  4701.990360232        3.074886799           0.009823661                     
  4705.951097815        3.083001375           0.009834017                     
  4709.914493611        3.089187622           0.009840764                     
  4713.881138335        3.088687658           0.009837136                     
  4717.851918057        3.089369535           0.009837650                     
  4721.825355991        3.109222889           0.009864978                     
  4725.802633568        3.136899471           0.009904838                     
  4729.782569357        3.139329672           0.009908913                     
  4733.766640144        3.138267517           0.009906142                     
  4737.753664502        3.137137890           0.009905532                     
  4741.744233143        3.131900072           0.009901500                     
  4745.737755355        3.136169195           0.009908036                     
  4749.734821851        3.128601551           0.009899474                     
  4753.735727989        3.128269911           0.009902491                     
  4757.739292339        3.134944677           0.009914726                     
  4761.746696331        3.153217554           0.009946572                     
  4765.757349250        3.168253660           0.009972025                     
  4769.771546453        3.153979301           0.009955607                     
  4773.788697226        3.164673805           0.009975505                     
  4777.809687640        3.197656393           0.010028386                     
  4781.833631625        3.229106426           0.010077795                     
  4785.861710608        3.242582083           0.010099835                     
  4789.892447804        3.247765541           0.010109578                     
  4793.926433927        3.236658335           0.010093560                     
  4797.964555048        3.211503267           0.010057073                     
  4802.005334382        3.200035334           0.010038794                     
  4806.050248715        3.193010092           0.010027695                     
  4810.097821261        3.191246986           0.010024435                     
  4814.149528805        3.203046799           0.010037769                     
  4818.204189919        3.223636150           0.010063249                     
  4822.262690675        3.243068218           0.010086835                     
  4826.324145000        3.263307095           0.010113007                     
  4830.388848253        3.275888681           0.010129190                     
  4834.457686504        3.281918287           0.010132402                     
  4838.529182968        3.272921085           0.010111954                     
  4842.604814430        3.245704174           0.010069081                     
  4846.683399463        3.223143339           0.010035729                     
  4850.765824137        3.205419064           0.010008745                     
  4854.851202380        3.193568945           0.009989487                     
  4858.940715623        3.194695950           0.009990762                     
  4863.032887078        3.202162027           0.010002474                     
  4867.128602817        3.205625772           0.010010115                     
  4871.228158198        3.207617998           0.010016534                     
  4875.330962506        3.210174799           0.010022147                     
  4879.437606455        3.211268902           0.010027036                     
  4883.546908617        3.217464924           0.010042294                     
  4887.660641134        3.233983517           0.010070572                     
  4891.777031865        3.253509998           0.010103636                     
  4895.897557593        3.272125244           0.010138676                     
  4900.021036892        3.291654110           0.010172059                     
  4904.148355832        3.310312986           0.010202799                     
  4908.278628343        3.320296526           0.010221709                     
  4912.412445137        3.314258814           0.010215816                     
  4916.550396930        3.317857265           0.010224713                     
  4920.691006936        3.320814133           0.010232273                     
  4924.836047297        3.298486471           0.010201251                     
  4928.983745871        3.275487423           0.010168726                     
  4933.135579443        3.266313314           0.010155920                     
  4937.290366586        3.265385628           0.010156198                     
  4941.448993370        3.261552572           0.010151861                     
  4945.610869081        3.254331589           0.010140777                     
  4949.775993719        3.253084183           0.010136848                     
  4953.945548712        3.263324022           0.010148423                     
  4958.117466562        3.270992279           0.010156053                     
  4962.293814767        3.289840698           0.010181056                     
  4966.473116542        3.295183420           0.010187046                     
  4970.656553315        3.274353027           0.010153873                     
  4974.842943658        3.265313864           0.010137323                     
  4979.033468999        3.262886047           0.010133742                     
  4983.226947911        3.267518997           0.010138142                     
  4987.424561821        3.277058601           0.010147551                     
  4991.625129301        3.277871370           0.010148833                     
  4995.828650351        3.276907921           0.010148978                     
  5000.036897114        3.300801992           0.010182461                     
  5004.248097446        3.328652382           0.010222441                     
  5008.463432777        3.363866568           0.010276108                     
  5012.681721678        3.398455143           0.010327157                     
  5016.904145578        3.398837090           0.010330285                     
  5021.128932333        3.376295805           0.010302071                     
  5025.358444801        3.374133825           0.010299269                     
  5029.590910838        3.375665426           0.010302391                     
  5033.826921160        3.357221842           0.010280775                     
  5038.067066480        3.354537010           0.010279351                     
  5042.310165371        3.361436844           0.010291574                     
  5046.557399259        3.356004715           0.010286659                     
  5050.807586718        3.332910299           0.010254402                     
  5055.062499889        3.329916716           0.010250735                     
  5059.319775916        3.331835032           0.010253798                     
  5063.581186942        3.312661409           0.010225583                     
  5067.846142251        3.301649332           0.010208640                     
  5072.114051131        3.298156023           0.010201494                     
  5076.386685723        3.296176195           0.010196198                     
  5080.661683171        3.297257900           0.010195510                     
  5084.941406331        3.295037746           0.010188034                     
  5089.224083062        3.292645693           0.010181579                     
  5093.510894790        3.293831587           0.010177713                     
  5097.800660089        3.302316189           0.010182989                     
  5102.094560386        3.304733992           0.010182081                     
  5106.392004967        3.310315847           0.010184873                     
  5110.692993833        3.320674181           0.010194439                     
  5114.997526983        3.331641674           0.010206078                     
  5119.305013702        3.351053476           0.010227458                     
  5123.617226134        3.348681211           0.010217611                     
  5127.932392137        3.336826801           0.010200100                     
  5132.251693137        3.332278252           0.010192721                     
  5136.574538422        3.325904369           0.010178514                     
  5140.900927991        3.320632219           0.010167329                     
  5145.230861844        3.324365377           0.010174161                     
  5149.564930695        3.328801394           0.010180502                     
  5153.901953116        3.327184916           0.010178559                     
  5158.242519822        3.342920780           0.010202296                     
  5162.587221526        3.358167410           0.010223951                     
  5166.935467514        3.361366510           0.010232326                     
  5171.287848500        3.366759062           0.010244833                     
  5175.643183056        3.358344078           0.010233727                     
  5180.002652611        3.350934267           0.010224765                     
  5184.365075736        3.342853308           0.010217331                     
  5188.732224573        3.348777294           0.010228759                     
  5193.102326980        3.354285002           0.010238430                     
  5197.475973671        3.362486601           0.010251796                     
  5201.853755361        3.369937181           0.010265908                     
  5206.235081335        3.372066975           0.010271720                     
  5210.619951593        3.393004656           0.010301878                     
  5215.008366135        3.407240391           0.010322384                     
  5219.401506389        3.421390295           0.010342365                     
  5223.797009500        3.422870874           0.010341803                     
  5228.197238323        3.429720163           0.010349978                     
  5232.600420716        3.422744989           0.010338298                     
  5237.008328821        3.410675764           0.010319173                     
  5241.418599782        3.410017967           0.010317969                     
  5245.833005742        3.408830643           0.010315043                     
  5250.252137413        3.416399956           0.010322973                     
  5254.673631941        3.433030605           0.010343746                     
  5259.099852182        3.438262463           0.010349045                     
  5263.529025992        3.434265852           0.010340481                     
  5267.962925515        3.438110828           0.010341353                     
  5272.399778607        3.439799309           0.010341422                     
  5276.840766698        3.431355476           0.010329236                     
  5281.284708360        3.425850153           0.010319196                     
  5285.732785019        3.432066441           0.010325324                     
  5290.184996677        3.433687687           0.010325018                     
  5294.640752618        3.428805113           0.010317078                     
  5299.100643558        3.429460049           0.010316760                     
  5303.563488069        3.441935062           0.010333429                     
  5308.031058291        3.439902782           0.010330795                     
  5312.500991369        3.461421728           0.010360913                     
  5316.976240874        3.504356861           0.010418382                     
  5321.454443949        3.531931639           0.010455008                     
  5325.936782023        3.556841612           0.010490110                     
  5330.422073666        3.589520931           0.010535162                     
  5334.911500308        3.625817299           0.010585422                     
  5339.405061947        3.655067921           0.010626668                     
  5343.902167871        3.682464838           0.010665241                     
  5348.403408794        3.707817078           0.010697565                     
  5352.908194000        3.716686010           0.010710886                     
  5357.417114205        3.738313198           0.010742704                     
  5361.928987980        3.746548653           0.010753477                     
  5366.445587467        3.738525152           0.010741274                     
  5370.965140524        3.721642971           0.010718385                     
  5375.488828579        3.700867414           0.010692605                     
  5380.016651633        3.703071833           0.010695275                     
  5384.547428257        3.679902792           0.010662022                     
  5389.082930593        3.663557053           0.010638344                     
  5393.621977213        3.677121162           0.010656830                     
  5398.165158832        3.671157837           0.010647169                     
  5402.711294020        3.630663633           0.010587664                     
  5407.262154921        3.615710258           0.010565705                     
  5411.816560106        3.590864658           0.010530006                     
  5416.374509576        3.572815657           0.010500616                     
  5420.936594043        3.569372892           0.010491050                     
  5425.502222795        3.548055887           0.010456128                     
  5430.072577259        3.534923792           0.010434576                     
  5434.645885293        3.530690193           0.010424291                     
  5439.223328325        3.525449276           0.010408853                     
  5443.804315642        3.539789200           0.010423313                     
  5448.390028671        3.562538385           0.010448725                     
  5452.978695269        3.580813646           0.010470565                     
  5457.571496867        3.584655046           0.010471982                     
  5462.168433462        3.577894926           0.010458799                     
  5466.768323628        3.562679529           0.010436561                     
  5471.373530219        3.547697544           0.010413298                     
  5475.981099667        3.541808128           0.010402829                     
  5480.593985542        3.538514137           0.010399083                     
  5485.209824986        3.542580605           0.010404821                     
  5489.829799429        3.536987066           0.010398419                     
  5494.453908870        3.535020351           0.010399393                     
  5499.081562595        3.538082838           0.010407403                     
  5503.713351318        3.526114464           0.010396048                     
  5508.348684325        3.533215284           0.010409326                     
  5512.988152331        3.538082361           0.010419375                     
  5517.631164621        3.538452387           0.010425846                     
  5522.278902623        3.560240269           0.010461376                     
  5526.930184909        3.572230339           0.010481404                     
  5531.585602194        3.574394226           0.010487968                     
  5536.243973049        3.586510658           0.010507477                     
  5540.907660330        3.595477104           0.010521562                     
  5545.574301181        3.601254225           0.010530094                     
  5550.244486316        3.598419905           0.010527580                     
  5554.919987878        3.596628904           0.010525300                     
  5559.598443009        3.609852791           0.010542122                     
  5564.281033139        3.617100954           0.010552428                     
  5568.967758268        3.601230860           0.010526848                     
  5573.658618394        3.593930721           0.010512861                     
  5578.352432091        3.592321157           0.010508847                     
  5583.051562214        3.580920696           0.010489532                     
  5587.753645907        3.574155092           0.010477058                     
  5592.460455312        3.579568863           0.010483579                     
  5597.170218287        3.584825516           0.010489239                     
  5601.884116261        3.594406843           0.010500114                     
  5606.602739947        3.614113569           0.010526228                     
  5611.324907917        3.642352104           0.010566897                     
  5616.051801599        3.665043831           0.010597971                     
  5620.781648852        3.673625946           0.010611137                     
  5625.516221817        3.675659895           0.010616087                     
  5630.253748352        3.668237686           0.010607188                     
  5634.996591313        3.668682814           0.010610756                     
  5639.742387844        3.678567410           0.010626058                     
  5644.492319374        3.716289997           0.010677625                     
  5649.246385902        3.750355959           0.010727242                     
  5654.004587428        3.785746813           0.010778904                     
  5658.766923952        3.833093166           0.010844009                     
  5663.532804761        3.848301411           0.010864272                     
  5668.303411281        3.833600998           0.010843593                     
  5673.077562086        3.800310373           0.010797902                     
  5677.855847890        3.763747454           0.010747106                     
  5682.637677977        3.742156506           0.010717821                     
  5687.424824491        3.724700212           0.010692276                     
  5692.214333860        3.741105318           0.010711068                     
  5697.008568942        3.755103350           0.010726680                     
  5701.807529737        3.762199640           0.010732801                     
  5706.609444101        3.795032978           0.010774366                     
  5711.416084178        3.847791195           0.010840411                     
  5716.226268539        3.893417358           0.010897476                     
  5721.041769326        3.913893461           0.010921667                     
  5725.859632969        3.910528421           0.010913263                     
  5730.682813039        3.881503820           0.010872845                     
  5735.509537392        3.858136177           0.010840773                     
  5740.339806030        3.809796572           0.010775554                     
  5745.174800380        3.777389765           0.010731299                     
  5750.013929729        3.777352095           0.010729294                     
  5754.857194075        3.767459393           0.010715096                     
  5759.704002706        3.761809349           0.010708248                     
  5764.555537049        3.763279676           0.010711402                     
  5769.410615677        3.766473770           0.010715310                     
  5774.270420016        3.769788265           0.010718248                     
  5779.133177926        3.775049210           0.010725113                     
  5784.000661548        3.774430990           0.010723615                     
  5788.872870882        3.797730446           0.010752592                     
  5793.748033786        3.835710287           0.010800176                     
  5798.628513117        3.857236624           0.010826643                     
  5803.511946018        3.868251085           0.010836625                     
  5808.400695345        3.869117022           0.010832276                     
  5813.292398242        3.875904799           0.010834532                     
  5818.188826852        3.897070169           0.010854852                     
  5823.089390459        3.913451195           0.010871521                     
  5827.994089065        3.964562178           0.010930293                     
  5832.902331956        4.002522945           0.010972358                     
  5837.815300558        3.987704992           0.010945637                     
  5842.732404159        3.960757732           0.010902928                     
  5847.653052043        3.922482491           0.010847178                     
  5852.579016355        3.882620335           0.010791114                     
  5857.507934236        3.845302343           0.010739074                     
  5862.442168543        3.816649914           0.010696259                     
  5867.379356421        3.794436932           0.010663754                     
  5872.321860725        3.786832809           0.010653253                     
  5877.267318599        3.782459497           0.010646271                     
  5882.217502186        3.770379305           0.010629153                     
  5887.171820770        3.765511751           0.010624753                     
  5892.130274353        3.769802094           0.010632714                     
  5897.093453648        3.777743816           0.010647212                     
  5902.060177227        3.782605410           0.010655665                     
  5907.031626519        3.805936813           0.010691069                     
  5912.006620095        3.828963041           0.010728303                     
  5916.986339383        3.848306656           0.010756506                     
  5921.969602955        3.882159233           0.010803808                     
  5926.957001525        3.897458076           0.010830976                     
  5931.949716522        3.950097322           0.010904192                     
  5936.945385089        4.007172108           0.010981801                     
  5941.946370082        4.045610428           0.011033543                     
  5946.950899359        4.075061321           0.011071377                     
  5951.960154349        4.082604885           0.011084818                     
  5956.972953623        4.097351074           0.011104542                     
  5961.990478609        4.127653122           0.011143246                     
  5967.012138593        4.161557674           0.011186606                     
  5972.037933575        4.145589352           0.011166001                     
  5977.067863556        4.125619411           0.011140641                     
  5982.101928535        4.138302326           0.011158048                     
  5987.140719226        4.194953918           0.011230628                     
  5992.183054202        4.241715431           0.011287789                     
  5997.230705603        4.254751205           0.011301224                     
  6002.281310575        4.221990585           0.011259520                     
  6007.337231973        4.142472267           0.011161108                     
  6012.396697655        4.092241287           0.011096373                     
  6017.461479764        4.052422047           0.011042822                     
  6022.529215443        4.021603584           0.011006168                     
  6027.601676834        3.998964548           0.010976378                     
  6032.678863937        4.011059284           0.010989460                     
  6037.759595324        4.056947231           0.011048205                     
  6042.845052424        4.120643616           0.011129239                     
  6047.934644522        4.208660603           0.011241015                     
  6053.028962332        4.240248203           0.011280294                     
  6058.126824426        4.201657772           0.011228305                     
  6063.230002947        4.143661022           0.011152899                     
  6068.336135038        4.100874424           0.011096379                     
  6073.447583555        4.084965706           0.011074431                     
  6078.563167070        4.084413052           0.011070358                     
  6083.682294870        4.107505322           0.011096986                     
  6088.806739095        4.136161327           0.011130481                     
  6093.934727605        4.164383888           0.011163434                     
  6099.068032542        4.145808220           0.011135211                     
  6104.204881762        4.106930733           0.011082443                     
  6109.346456695        4.066381454           0.011027718                     
  6114.491575912        4.012296200           0.010957535                     
  6119.642011555        3.962633848           0.010892179                     
  6124.796582196        3.943857431           0.010866259                     
  6129.954697122        3.930883884           0.010847158                     
  6135.118128474        3.907308340           0.010815167                     
  6140.285104110        3.900546789           0.010806415                     
  6145.457396172        3.896931410           0.010802793                     
  6150.633232519        3.887232304           0.010791318                     
  6155.813794578        3.884293556           0.010786340                     
  6160.998491635        3.887912989           0.010791530                     
  6166.187914404        3.901863575           0.010810921                     
  6171.381472171        3.917626858           0.010831359                     
  6176.578574223        3.917959929           0.010832423                     
  6181.781583415        3.913039446           0.010825465                     
  6186.988136891        3.917068243           0.010831142                     
  6192.199416080        3.909289122           0.010821424                     
  6197.414830266        3.901444435           0.010809811                     
  6202.634970165        3.890665054           0.010794960                     
  6207.858654348        3.890984774           0.010794406                     
  6213.087654958        3.876430750           0.010774314                     
  6218.320790565        3.874566555           0.010768547                     
  6223.558651885        3.881480694           0.010772851                     
  6228.800057489        3.869801044           0.010757549                     
  6234.046188806        3.878576994           0.010766230                     
  6239.297045834        3.865287781           0.010747281                     
  6244.552037861        3.851839066           0.010729253                     
  6249.811755600        3.850369215           0.010723367                     
  6255.075608337        3.859779835           0.010730716                     
  6260.344186787        3.868886232           0.010742468                     
  6265.616900235        3.877897978           0.010752927                     
  6270.894339395        3.882281542           0.010754575                     
  6276.175913553        3.861635447           0.010726681                     
  6281.461622709        3.862349987           0.010728428                     
  6286.752648292        3.885453939           0.010757961                     
  6292.047808873        3.891376734           0.010764586                     
  6297.347695166        3.896740675           0.010769309                     
  6302.651125744        3.895556211           0.010763190                     
  6307.960463461        3.899645090           0.010766960                     
  6313.272754749        3.918053627           0.010791663                     
  6318.590953178        3.948138475           0.010829377                     
  6323.912105176        3.993870974           0.010884271                     
  6329.238573601        4.018993855           0.010914036                     
  6334.569767738        4.041958809           0.010939962                     
  6339.904506159        4.046292305           0.010942708                     
  6345.245151720        4.031154633           0.010921352                     
  6350.588750852        4.050100803           0.010939538                     
  6355.938257123        4.042305470           0.010925633                     
  6361.291307680        4.028930664           0.010906591                     
  6366.649674662        3.999563694           0.010863513                     
  6372.011585928        3.973029137           0.010824788                     
  6377.378813621        3.954632044           0.010798794                     
  6382.750176312        3.955671787           0.010796939                     
  6388.125674002        3.958624363           0.010796517                     
  6393.506488117        3.963457584           0.010801283                     
  6398.891437231        3.957996607           0.010793492                     
  6404.281112057        3.958236933           0.010791669                     
  6409.674921881        3.957296848           0.010791927                     
  6415.074048132        3.957684994           0.010789157                     
  6420.476718667        3.965400934           0.010796050                     
  6425.885296342        3.968236446           0.010800868                     
  6431.296827587        3.978787422           0.010814487                     
  6436.713675259        4.006073952           0.010850395                     
  6442.135248642        4.024895191           0.010874544                     
  6447.560957024        4.055377960           0.010914484                     
  6452.991981833        4.077703953           0.010942725                     
  6458.426550925        4.117903233           0.010994293                     
  6463.867027158        4.172381401           0.011062521                     
  6469.311047675        4.216271877           0.011116379                     
  6474.760384618        4.284203529           0.011199117                     
  6480.213265846        4.336938858           0.011265530                     
  6485.672054213        4.332965374           0.011259438                     
  6491.133796151        4.300879478           0.011216160                     
  6496.600854515        4.232626438           0.011128859                     
  6502.073229306        4.149637699           0.011025817                     
  6507.549148381        4.109623432           0.010974018                     
  6513.030974596        4.089630604           0.010948008                     
  6518.516345095        4.060864449           0.010905357                     
  6524.007032020        4.039759636           0.010877049                     
  6529.501263230        4.025509357           0.010858214                     
  6535.001401580        4.024605274           0.010855947                     
  6540.505674928        4.022830963           0.010852498                     
  6546.014083275        4.010494709           0.010833898                     
  6551.527808047        4.014690399           0.010837308                     
  6557.045667818        4.012444019           0.010834354                     
  6562.568844016        4.010462284           0.010830782                     
  6568.095564497        4.008322716           0.010827101                     
  6573.628192119        4.022731304           0.010842069                     
  6579.164954739        4.019966125           0.010838438                     
  6584.706443071        4.015808582           0.010830486                     
  6590.252066401        4.014988422           0.010827202                     
  6595.802415444        4.030630589           0.010844733                     
  6601.358671627        4.035813332           0.010848435                     
  6606.917881380        4.029079914           0.010840415                     
  6612.483588988        4.031138420           0.010840740                     
  6618.052250166        4.041077614           0.010849377                     
  6623.626818484        4.057760715           0.010867674                     
  6629.205521800        4.064431190           0.010875441                     
  6634.789541542        4.062481880           0.010868750                     
  6640.377696283        4.096275330           0.010907801                     
  6645.970576736        4.107105255           0.010919174                     
  6651.568182901        4.103966713           0.010914346                     
  6657.169924065        4.093369961           0.010898989                     
  6662.777572368        4.098661900           0.010900251                     
  6668.389355670        4.110699654           0.010914130                     
  6674.005864685        4.146076679           0.010958405                     
  6679.627099411        4.183408260           0.011002899                     
  6685.253650564        4.200510025           0.011020356                     
  6690.883746001        4.200798988           0.011018714                     
  6696.519748578        4.186035633           0.011002349                     
  6702.159886154        4.185622215           0.010997802                     
  6707.804158728        4.168101311           0.010975729                     
  6713.454338442        4.157658577           0.010962224                     
  6719.108653154        4.168739319           0.010975983                     
  6724.768284293        4.167048454           0.010972808                     
  6730.432050429        4.155643940           0.010957835                     
  6736.101132992        4.154432297           0.010953749                     
  6741.774350554        4.155714035           0.010955444                     
  6747.453475255        4.154308319           0.010953081                     
  6753.136144241        4.161200523           0.010960035                     
  6758.823538939        4.184132099           0.010987423                     
  6764.516840778        4.226649284           0.011039795                     
  6770.213686900        4.263383865           0.011082535                     
  6775.916440163        4.301813126           0.011129082                     
  6781.623328424        4.322186947           0.011153783                     
  6787.335533112        4.318521500           0.011144614                     
  6793.051872797        4.314174652           0.011136958                     
  6798.774119623        4.287492752           0.011103089                     
  6804.499910733        4.275580406           0.011087978                     
  6810.231608984        4.278954029           0.011089805                     
  6815.967442233        4.280475616           0.011089616                     
  6821.708001194        4.295959949           0.011105989                     
  6827.453876581        4.337541580           0.011152569                     
  6833.203886966        4.404632568           0.011230942                     
  6838.959804492        4.429600239           0.011259639                     
  6844.719857016        4.471974850           0.011306192                     
  6850.485225966        4.552754402           0.011400364                     
  6856.254729915        4.628698826           0.011488610                     
  6862.030141004        4.717933655           0.011588976                     
  6867.809096377        4.839434147           0.011725704                     
  6873.593368176        4.974018574           0.011875452                     
  6879.383547115        5.129263878           0.012046527                     
  6885.177270339        5.249515057           0.012178401                     
  6890.976900703        5.204966068           0.012124933                     
  6896.780666066        5.056829453           0.011955075                     
  6902.589747854        4.844926834           0.011708808                     
  6908.403555355        4.676305771           0.011509456                     
  6914.222679282        4.520751476           0.011321193                     
  6920.045938208        4.419220448           0.011195189                     
  6925.874513559        4.362242222           0.011124560                     
  6931.707814623        4.324797630           0.011076151                     
  6937.545841399        4.304697037           0.011048461                     
  6943.389184602        4.295164585           0.011031504                     
  6949.237253517        4.281407356           0.011010123                     
  6955.090638858        4.269001961           0.010991074                     
  6960.948159197        4.272048473           0.010990300                     
  6966.811586676        4.264308929           0.010977088                     
  6972.679149154        4.263280869           0.010972655                     
  6978.552618772        4.262022495           0.010966562                     
  6984.430223389        4.259700775           0.010958573                     
  6990.312553717        4.277618408           0.010975672                     
  6996.200200472        4.280563831           0.010975813                     
  7002.092572939        4.287322044           0.010981303                     
  7007.990852547        4.318629742           0.011015991                     
  7013.893267152        4.329215527           0.011023400                     
  7019.800998184        4.371309757           0.011069684                     
  7025.713454928        4.459273338           0.011171348                     
  7031.631228099        4.560952663           0.011285127                     
  7037.553136268        4.632339001           0.011366079                     
  7043.480360862        4.597303391           0.011321006                     
  7049.413492598        4.524925709           0.011232999                     
  7055.350168617        4.447157860           0.011139781                     
  7061.293342491        4.372629642           0.011044787                     
  7067.240651363        4.337300777           0.010999459                     
  7073.193276662        4.324015141           0.010980752                     
  7079.150627672        4.303357124           0.010952626                     
  7085.113295109        4.328042984           0.010979277                     
  7091.080688258        4.362237453           0.011016851                     
  7097.053397834        4.348460197           0.010999188                     
  7103.030833121        4.338203907           0.010986599                     
  7109.012994121        4.338294506           0.010981607                     
  7115.001062261        4.316975117           0.010953565                     
  7120.993265400        4.279345512           0.010908558                     
  7126.991966393        4.272778988           0.010899131                     
  7132.994211670        4.263360500           0.010886804                     
  7139.002364087        4.259416580           0.010878264                     
  7145.015242217        4.255517960           0.010870379                     
  7151.033436773        4.256470203           0.010868977                     
  7157.056357041        4.255533218           0.010864703                     
  7163.084003021        4.259837151           0.010867984                     
  7169.117556142        4.267008781           0.010875231                     
  7175.155244261        4.251893997           0.010855216                     
  7181.199430234        4.246390343           0.010844331                     
  7187.247751206        4.252309799           0.010846102                     
  7193.301388603        4.262959957           0.010856632                     
  7199.359751713        4.261148930           0.010852157                     
  7205.424021964        4.233848095           0.010814750                     
  7211.492427212        4.226180553           0.010801751                     
  7217.566739601        4.235633850           0.010809130                     
  7223.645777702        4.245412827           0.010816978                     
  7229.729541516        4.229248524           0.010796488                     
  7235.819212469        4.226164341           0.010789918                     
  7241.913609135        4.237364292           0.010801435                     
  7248.013322228        4.237585068           0.010797107                     
  7254.117761032        4.237257481           0.010796065                     
  7260.228106977        4.245822906           0.010804867                     
  7266.342587920        4.257935047           0.010815586                     
  7272.463566718        4.270017147           0.010827428                     
  7278.588680513        4.272590637           0.010829577                     
  7284.718520021        4.305490494           0.010867643                     
  7290.854857383        4.351069927           0.010919364                     
  7296.995329744        4.436596870           0.011017997                     
  7303.141709245        4.520239830           0.011112602                     
  7309.292223744        4.558434010           0.011153898                     
  7315.449236097        4.529813290           0.011118655                     
  7321.610383448        4.465128422           0.011040267                     
  7327.777437940        4.402348995           0.010962966                     
  7333.949218144        4.353775501           0.010902119                     
  7340.125724061        4.307061195           0.010842617                     
  7346.308727832        4.281476974           0.010810534                     
  7352.495866601        4.277925014           0.010802082                     
  7358.688912510        4.283361912           0.010804377                     
  7364.886684131        4.278042793           0.010795219                     
  7371.090362893        4.258785725           0.010768304                     
  7377.298176653        4.257855892           0.010764762                     
  7383.512488268        4.265410423           0.010769394                     
  7389.730934880        4.288636684           0.010793648                     
  7395.955288633        4.290341377           0.010792840                     
  7402.184368099        4.283824444           0.010781834                     
  7408.418763990        4.286305428           0.010782138                     
  7414.659067022        4.299860477           0.010796711                     
  7420.903505052        4.298911095           0.010792754                     
  7427.154440936        4.293701649           0.010783410                     
  7433.409511819        4.297796726           0.010785313                     
  7439.671080556        4.312763214           0.010799586                     
  7445.936784291        4.304758549           0.010787495                     
  7452.208985881        4.305021286           0.010785825                     
  7458.485322469        4.311477184           0.010788937                     
  7464.766384769        4.327003956           0.010805976                     
  7471.054535637        4.327328682           0.010803917                     
  7477.346821504        4.350193501           0.010826613                     
  7483.645014511        4.389325619           0.010868172                     
  7489.947933230        4.412996769           0.010895053                     
  7496.256759089        4.425187111           0.010906586                     
  7502.570310661        4.470835209           0.010956164                     
  7508.889769373        4.495526791           0.010979972                     
  7515.213953797        4.508379459           0.010990309                     
  7521.543454648        4.511153221           0.010992180                     
  7527.878862639        4.493929386           0.010968347                     
  7534.218996342        4.448143482           0.010911571                     
  7540.565627900        4.426330090           0.010886295                     
  7546.916394456        4.403250694           0.010857240                     
  7553.273068152        4.388696671           0.010836103                     
  7559.634467560        4.385240078           0.010828157                     
  7566.002364823        4.370519638           0.010810638                     
  7572.374397084        4.364905834           0.010802846                     
  7578.752927199        4.354455948           0.010789438                     
  7585.135592312        4.360754967           0.010793602                     
  7591.524164566        4.353610516           0.010782861                     
  7597.918643960        4.370728016           0.010803466                     
  7604.317849067        4.372799397           0.010801939                     
  7610.722961313        4.360594749           0.010786700                     
  7617.132799272        4.376144886           0.010803663                     
  7623.549135086        4.368506908           0.010794967                     
  7629.969605897        4.352048397           0.010772970                     
  7636.396574563        4.361062050           0.010782254                     
  7642.828268941        4.370006084           0.010787770                     
  7649.264689032        4.366034031           0.010781846                     
  7655.708197690        4.364510536           0.010777335                     
  7662.155841347        4.387422562           0.010801523                     
  7668.609982859        4.374844074           0.010784650                     
  7675.068259368        4.377533436           0.010786882                     
  7681.533624446        4.366687775           0.010772923                     
  7688.003124522        4.390632153           0.010796905                     
  7694.478531739        4.407927513           0.010811514                     
  7700.959255382        4.420147419           0.010824945                     
  7707.445886165        4.461220741           0.010870292                     
  7713.937242660        4.487988472           0.010898510                     
  7720.433915582        4.507948399           0.010917987                     
  7726.937086358        4.534126282           0.010947368                     
  7733.444982846        4.539217472           0.010949148                     
  7739.958786474        4.544876575           0.010953151                     
  7746.477315815        4.539940357           0.010945934                     
  7753.002343010        4.536175728           0.010937731                     
  7759.532095918        4.540340900           0.010939746                     
  7766.068346680        4.517371178           0.010908845                     
  7772.608732440        4.487893105           0.010873571                     
  7779.155025340        4.472935677           0.010852461                     
  7785.707816094        4.474236488           0.010847654                     
  7792.264741847        4.474454880           0.010844425                     
  7798.828756169        4.460445404           0.010824044                     
  7805.396905488        4.468104839           0.010824482                     
  7811.971552662        4.471958160           0.010822938                     
  7818.550925548        4.490760326           0.010836931                     
  7825.136796288        4.529685020           0.010874832                     
  7831.727392741        4.578145504           0.010920408                     
  7838.323305620        4.580529213           0.010917181                     
  7844.925716353        4.582420349           0.010911203                     
  7851.532852799        4.555739880           0.010872496                     
  7858.146487099        4.539278030           0.010843368                     
  7864.764256397        4.526648521           0.010820920                     
  7871.389114264        4.506503582           0.010788108                     
  7878.018697842        4.508830070           0.010781490                     
  7884.654188561        4.517131805           0.010783578                     
  7891.294995707        4.524643421           0.010783953                     
  7897.942300707        4.539904118           0.010794173                     
  7904.593740704        4.567597866           0.010818218                     
  7911.251087843        4.627819061           0.010875996                     
  7917.914932835        4.656740665           0.010897895                     
  7924.583503540        4.684283733           0.010922637                     
  7931.258572099        4.684402943           0.010917475                     
  7937.938366371        4.648022652           0.010869836                     
  7944.624658497        4.620131493           0.010833777                     
  7951.315676335        4.601377010           0.010807478                     
  7958.013192027        4.577130795           0.010775004                     
  7964.716024146        4.561030865           0.010750567                     
  7971.423581977        4.572341919           0.010758990                     
  7978.138228376        4.603327274           0.010785358                     
  7984.857600488        4.640801907           0.010821730                     
  7991.583470454        4.704874039           0.010888375                     
  7998.314066132        4.810151577           0.010998898                     
  8005.051159665        4.868855000           0.011055089                     
  8011.792978910        4.849403381           0.011029720                     
  8018.541886723        4.760976791           0.010927010                     
  8025.294929534        4.663770199           0.010815301                     
  8032.053879486        4.593565941           0.010734968                     
  8038.819918006        4.544796467           0.010678276                     
  8045.590091524        4.524407864           0.010647680                     
  8052.367353611        4.515915871           0.010630928                     
  8059.148750696        4.510861397           0.010623044                     
  8065.937236349        4.511247158           0.010615419                     
  8072.730447715        4.509201527           0.010608057                     
  8079.530747649        4.494321823           0.010587012                     
  8086.335182581        4.500284195           0.010587431                     
  8093.146706082        4.497169971           0.010579110                     
  8099.962955295        4.497819901           0.010575201                     
  8106.784520934        4.505161285           0.010577678                     
  8113.613175141        4.515345097           0.010583221                     
  8120.446555061        4.539855003           0.010602161                     
  8127.286432835        4.548167229           0.010605399                     
  8134.131627035        4.560894489           0.010614965                     
  8140.983319090        4.583058834           0.010635928                     
  8147.839736857        4.621377945           0.010672342                     
  8154.702652478        4.681737423           0.010731735                     
  8161.570884526        4.764550686           0.010814355                     
  8168.444433000        4.863801003           0.010917558                     
  8175.325070042        4.990828514           0.011046060                     
  8182.210432797        5.138669491           0.011195556                     
  8189.102293406        5.322247982           0.011377619                     
  8195.999470441        5.459021091           0.011511995                     
  8202.903145330        5.584251404           0.011629939                     
  8209.811545932        5.671618938           0.011710724                     
  8216.727035102        5.620594501           0.011653628                     
  8223.647249985        5.443447113           0.011470576                     
  8230.574553436        5.214003563           0.011231801                     
  8237.505991885        5.033717632           0.011039692                     
  8244.443928188        4.895590305           0.010889438                     
  8251.388362346        4.825910568           0.010810100                     
  8258.337522216        4.765126228           0.010738462                     
  8265.293770654        4.744711399           0.010711040                     
  8272.255335519        4.722887993           0.010680440                     
  8279.223398238        4.689926147           0.010639422                     
  8286.196186669        4.708507538           0.010650894                     
  8293.175472955        4.713890076           0.010648638                     
  8300.160075666        4.740011692           0.010672041                     
  8307.150585519        4.745605469           0.010673261                     
  8314.148183939        4.713124752           0.010631976                     
  8321.150508072        4.670778275           0.010579322                     
  8328.159330059        4.640047073           0.010540738                     
  8335.173468473        4.622252464           0.010512410                     
  8342.194695455        4.593931675           0.010476132                     
  8349.220648149        4.583862305           0.010461999                     
  8356.253098697        4.581286430           0.010453842                     
  8363.290865672        4.574941635           0.010437419                     
  8370.334539787        4.572220802           0.010428070                     
  8377.385302470        4.568472385           0.010417021                     
  8384.440790866        4.539216995           0.010381624                     
  8391.503367830        4.543956757           0.010380507                     
  8398.570670507        4.548059464           0.010380149                     
  8405.645061751        4.576672077           0.010405565                     
  8412.724178708        4.592434406           0.010416802                     
  8419.810384234        4.619447231           0.010438691                     
  8426.901906185        4.619520664           0.010431958                     
  8433.999925991        4.625568867           0.010433770                     
  8441.103262223        4.628105640           0.010430252                     
  8448.212505596        4.610442162           0.010404557                     
  8455.328837537        4.597678185           0.010386324                     
  8462.449895190        4.576482773           0.010356660                     
  8469.578041412        4.559841156           0.010331081                     
  8476.710913346        4.567587852           0.010334001                     
  8483.851464562        4.575229645           0.010333893                     
  8490.996741491        4.562609673           0.010313517                     
  8498.148516273        4.551041603           0.010295289                     
  8505.306198197        4.556741714           0.010297446                     
  8512.469196546        4.553089619           0.010289205                     
  8519.639283464        4.556087971           0.010287898                     
  8526.814686808        4.550037861           0.010273686                     
  8533.997178721        4.575321198           0.010293682                     
  8541.184396345        4.562690258           0.010275401                     
  8548.379293253        4.556807041           0.010264539                     
  8555.578915872        4.574992180           0.010279007                     
  8562.785036346        4.570544243           0.010266757                     
  8569.997063960        4.568962574           0.010259197                     
  8577.214998715        4.566423893           0.010253821                     
  8584.439431323        4.568109512           0.010248535                     
  8591.669180358        4.572393894           0.010248768                     
  8598.906608676        4.577297211           0.010249556                     
  8606.148762706        4.577138901           0.010243098                     
  8613.398005304        4.583342075           0.010246435                     
  8620.651973614        4.593748093           0.010252067                     
  8627.913621207        4.597724915           0.010248864                     
  8635.179994512        4.604307175           0.010252276                     
  8642.453456385        4.622321606           0.010264982                     
  8649.732234685        4.624903202           0.010261929                     
  8657.017510839        4.631545067           0.010262641                     
  8664.309284848        4.634834290           0.010260524                     
  8671.606375282        4.626223564           0.010247101                     
  8678.911144999        4.632213116           0.010248016                     
  8686.220640429        4.626873016           0.010238656                     
  8693.537224427        4.603525162           0.010210013                     
  8700.859124851        4.601048470           0.010200259                     
  8708.188113843        4.616634369           0.010209812                     
  8715.521828548        4.608225822           0.010196151                     
  8722.862041107        4.592033863           0.010176141                     
  8730.209932948        4.604527473           0.010183403                     
  8737.562550502        4.606318474           0.010180226                     
  8744.922256624        4.616768360           0.010186346                     
  8752.287279172        4.618555069           0.010181973                     
  8759.659981003        4.599278927           0.010156765                     
  8767.037408546        4.599310398           0.010152902                     
  8774.421924657        4.595858097           0.010145018                     
  8781.811757195        4.598642349           0.010141872                     
  8789.209269015        4.593681335           0.010130486                     
  8796.611506548        4.609719753           0.010142286                     
  8804.020241934        4.618761539           0.010147729                     
  8811.436065889        4.617703915           0.010140398                     
  8818.857206271        4.622978210           0.010142360                     
  8826.285435221        4.636571884           0.010150498                     
  8833.718980597        4.639409065           0.010149488                     
  8841.159614541        4.659237385           0.010164794                     
  8848.606155626        4.666232586           0.010167366                     
  8856.059194565        4.686005116           0.010184318                     
  8863.518140644        4.717264652           0.010213844                     
  8870.982993864        4.722041130           0.010215343                     
  8878.455526366        4.719026566           0.010209969                     
  8885.932784581        4.699306488           0.010184635                     
  8893.417722077        4.700057030           0.010183237                     
  8900.907976000        4.707183361           0.010187528                     
  8908.405318492        4.704876423           0.010182649                     
  8915.907977410        4.717513084           0.010191834                     
  8923.418315610        4.745681286           0.010219800                     
  8930.933970236        4.786418438           0.010258391                     
  8938.455532003        4.829805374           0.010301726                     
  8945.984773052        4.903369904           0.010373616                     
  8953.518739814        4.996450901           0.010464262                     
  8961.060976572        5.061233044           0.010526473                     
  8968.607939042        5.105227947           0.010567733                     
  8976.162580794        5.089889526           0.010547019                     
  8983.721948259        5.053462029           0.010506091                     
  8991.289585721        4.984192848           0.010432061                     
  8998.861948894        4.903883934           0.010346918                     
  9006.441991350        4.846407413           0.010284408                     
  9014.027350232        4.819955349           0.010252332                     
  9021.619206969        4.802095413           0.010227516                     
  9029.218152274        4.823565006           0.010244343                     
  9036.823004719        4.847108364           0.010261024                     
  9044.434945733        4.878328323           0.010283882                     
  9052.052203173        4.879502296           0.010277730                     
  9059.677139895        4.865569592           0.010257898                     
  9067.306802329        4.836807728           0.010221929                     
  9074.944734761        4.800066471           0.010176592                     
  9082.587983618        4.767210007           0.010136088                     
  9090.237139616        4.742671967           0.010102602                     
  9097.893974896        4.727414131           0.010081276                     
  9105.556717316        4.722883224           0.010065415                     
  9113.226548305        4.720929146           0.010058030                     
  9120.901695720        4.719643593           0.010049145                     
  9128.584522417        4.714779377           0.010035382                     
  9136.272665541        4.716542244           0.010030039                     
  9143.968487947        4.731741428           0.010036875                     
  9151.669626780        4.731146336           0.010029161                     
  9159.377263466        4.751966000           0.010042918                     
  9167.092579436        4.774553776           0.010056980                     
  9174.813211831        4.805028439           0.010078854                     
  9182.540932795        4.855352402           0.010122211                     
  9190.274560899        4.921980858           0.010180520                     
  9198.015868286        4.987879753           0.010236475                     
  9205.762492099        5.002638817           0.010241545                     
  9213.516204480        4.964943886           0.010194694                     
  9221.277596144        4.920449734           0.010143963                     
  9229.044304234        4.872447968           0.010087330                     
  9236.816919464        4.853463650           0.010058099                     
  9244.596032549        4.832744598           0.010027625                     
  9252.382234202        4.831251144           0.010017748                     
  9260.176705851        4.825335503           0.010002142                     
  9267.975903213        4.831956387           0.009998129                     
  9275.781598429        4.822569847           0.009979547                     
  9283.593791499        4.803403854           0.009950559                     
  9291.414254566        4.799448967           0.009937551                     
  9299.240034059        4.788663387           0.009916607                     
  9307.071720693        4.801433086           0.009919453                     
  9314.910495895        4.803968430           0.009911505                     
  9322.755178237        4.810305119           0.009908781                     
  9330.609312003        4.808068752           0.009897129                     
  9338.467580768        4.790332317           0.009869193                     
  9346.332347388        4.799513340           0.009867141                     
  9354.204202575        4.802390575           0.009860916                     
  9362.084918473        4.795207024           0.009843735                     
  9369.969769370        4.788254261           0.009826942                     
  9377.861118120        4.788400650           0.009818232                     
  9385.758964725        4.805001259           0.009824718                     
  9393.663899899        4.811484814           0.009821837                     
  9401.577695783        4.826148033           0.009827862                     
  9409.495626665        4.826198578           0.009818236                     
  9417.420646115        4.835760593           0.009818288                     
  9425.352163420        4.817149639           0.009793334                     
  9433.292541436        4.807079792           0.009776320                     
  9441.237054449        4.805170059           0.009763865                     
  9449.188656031        4.800462723           0.009752948                     
  9457.146755467        4.801048279           0.009747222                     
  9465.111943472        4.813141823           0.009750883                     
  9473.085401473        4.816074371           0.009748409                     
  9481.064175900        4.825926304           0.009749993                     
  9489.048857468        4.836997032           0.009755476                     
  9497.040627604        4.859431744           0.009772514                     
  9505.041258451        4.880919456           0.009786160                     
  9513.046615010        4.900242329           0.009798261                     
  9521.058469423        4.900425434           0.009791038                     
  9529.077412404        4.926671028           0.009810427                     
  9537.105216096        4.943695068           0.009819841                     
  9545.137745501        4.922409534           0.009792947                     
  9553.176772759        4.917136669           0.009781007                     
  9561.222297872        4.902490616           0.009760195                     
  9569.274911554        4.893723488           0.009744407                     
  9577.336385945        4.882681370           0.009727753                     
  9585.402586050        4.889818668           0.009727437                     
  9593.475284008        4.871041775           0.009701212                     
  9601.555070535        4.883417130           0.009705602                     
  9609.644308486        4.870791912           0.009685632                     
  9617.737681436        4.872364998           0.009679487                     
  9625.837552240        4.880799294           0.009680249                     
  9633.944511612        4.882482052           0.009675877                     
  9642.058559553        4.873019218           0.009659528                     
  9650.181468204        4.883985043           0.009660906                     
  9658.309102567        4.885429382           0.009656384                     
  9666.443234785        4.885229588           0.009647725                     
  9674.584455571        4.893060684           0.009651061                     
  9682.734537068        4.888045311           0.009639786                     
  9690.889344276        4.896528244           0.009642276                     
  9699.051240054        4.922268867           0.009660895                     
  9707.220224399        4.930690289           0.009665151                     
  9715.395706599        4.942405224           0.009670658                     
  9723.580049510        4.956830978           0.009680274                     
  9731.769708846        4.966639042           0.009684531                     
  9739.965866038        4.987922192           0.009700621                     
  9748.169111797        5.018260479           0.009725610                     
  9756.381218267        5.044957161           0.009745403                     
  9764.598050449        5.095856190           0.009789499                     
  9772.821971200        5.165433884           0.009848047                     
  9781.052980519        5.218193531           0.009891685                     
  9789.290487692        5.310114861           0.009971407                     
  9797.537446290        5.432759762           0.010075994                     
  9805.789130600        5.565266132           0.010189204                     
  9814.047312764        5.760770321           0.010354050                     
  9822.313174211        5.897666931           0.010466973                     
  9830.587896368        5.984003544           0.010536125                     
  9838.867344238        5.955982685           0.010507600                     
  9847.153880676        5.839491367           0.010402913                     
  9855.446914968        5.703189373           0.010280747                     
  9863.747628543        5.557703018           0.010147624                     
  9872.057202828        5.431586266           0.010034269                     
  9880.371502826        5.341388226           0.009948609                     
  9888.692891391        5.228756428           0.009842601                     
  9897.021368526        5.175063610           0.009789878                     
  9905.358706370        5.160771847           0.009772867                     
  9913.700769927        5.117156982           0.009728576                     
  9922.051103481        5.101852417           0.009711367                     
  9930.407344174        5.064341068           0.009672825                     
  9938.773036293        5.050533772           0.009655885                     
  9947.143454123        5.034543991           0.009638067                     
  9955.520960522        5.019554615           0.009620438                     
  9963.905555489        5.020853996           0.009617805                     
  9972.297239025        5.009531021           0.009606615                     
  9980.698373985        5.007988930           0.009600588                     
  9989.104234657        5.000130177           0.009589326                     
  9997.517183898        4.989367485           0.009577416                     
  10005.937221707       4.998782158           0.009582910                     
  10014.366710941       5.018769264           0.009598469                     
  10022.800925887       5.027849674           0.009603266                     
  10031.242229401       5.043114662           0.009614221                     
  10039.690621484       5.039465427           0.009608594                     
  10048.146102135       5.086051464           0.009648111                     
  10056.611034210       5.111482143           0.009667480                     
  10065.080691998       5.164246082           0.009712579                     
  10073.558619782       5.162681103           0.009708506                     
  10082.042454707       5.149049759           0.009693572                     
  10090.535741056       5.128639698           0.009672492                     
  10099.033753117       5.124992371           0.009666411                     
  10107.540035175       5.103022575           0.009644479                     
  10116.052224373       5.074643135           0.009617567                     
  10124.572683568       5.048625946           0.009588719                     
  10133.101412759       5.042641640           0.009582624                     
  10141.636049090       5.040385723           0.009577290                     
  10150.177773990       5.027760983           0.009562825                     
  10158.725406030       5.026275158           0.009558219                     
  10167.283670922       5.027682304           0.009553898                     
  10175.846661527       5.039119720           0.009559922                     
  10184.416740700       5.030140877           0.009547912                     
  10192.995089870       5.041680813           0.009551934                     
  10201.579346180       5.033116341           0.009539536                     
  10210.173053914       5.028055668           0.009528612                     
  10218.772668789       5.033672333           0.009527526                     
  10227.379372232       5.046065331           0.009533224                     
  10235.993164244       5.038680553           0.009519640                     
  10244.616407680       5.032901764           0.009509074                     
  10253.244376828       5.033254623           0.009503471                     
  10261.879434545       5.064996243           0.009524293                     
  10270.521580830       5.047783852           0.009504169                     
  10279.171997112       5.070691109           0.009518472                     
  10287.831864818       5.076361656           0.009517795                     
  10296.496458236       5.101725101           0.009533551                     
  10305.168140223       5.138466835           0.009560283                     
  10313.846910778       5.187925816           0.009598808                     
  10322.536314185       5.279707432           0.009675058                     
  10331.230443305       5.375443459           0.009751522                     
  10339.930479565       5.397829533           0.009763710                     
  10348.638785822       5.368082047           0.009733537                     
  10357.357724931       5.306121349           0.009676116                     
  10366.080208325       5.251873493           0.009621706                     
  10374.810961715       5.219411373           0.009587970                     
  10383.548803673       5.207380295           0.009572614                     
  10392.293734199       5.203617573           0.009561923                     
  10401.049297579       5.222655296           0.009573769                     
  10409.808405242       5.246994495           0.009590402                     
  10418.575782902       5.287958145           0.009618721                     
  10427.350249130       5.313024521           0.009633258                     
  10436.135348211       5.307920456           0.009624915                     
  10444.925173004       5.289983749           0.009601802                     
  10453.720904937       5.269458771           0.009577539                     
  10462.526088295       5.253480434           0.009556530                     
  10471.337178793       5.246700764           0.009544430                     
  10480.158902144       5.259659767           0.009549487                     
  10488.985351207       5.268470764           0.009551036                     
  10497.818888838       5.253153801           0.009530464                     
  10506.660696466       5.227960587           0.009504420                     
  10515.511955519       5.228643417           0.009497837                     
  10524.367940283       5.198023796           0.009466423                     
  10533.232195044       5.172081947           0.009437675                     
  10542.103538374       5.180823803           0.009438809                     
  10550.981970271       5.169006348           0.009423745                     
  10559.871035022       5.167071819           0.009417762                     
  10568.763644056       5.152578831           0.009399822                     
  10577.665704516       5.155806541           0.009397691                     
  10586.573672115       5.118883610           0.009361642                     
  10595.492272567       5.123124599           0.009362447                     
  10604.416780159       5.125220299           0.009359452                     
  10613.347194892       5.126258850           0.009355287                     
  10622.285879621       5.110295773           0.009337200                     
  10631.232834346       5.118228912           0.009338497                     
  10640.188059068       5.103947639           0.009321264                     
  10649.150372359       5.116982937           0.009327338                     
  10658.118592789       5.113055706           0.009318592                     
  10667.095083216       5.124809265           0.009324633                     
  10676.081025068       5.123915672           0.009318823                     
  10685.072874060       5.145747662           0.009331582                     
  10694.071811620       5.134863377           0.009315969                     
  10703.079019177       5.135535717           0.009310843                     
  10712.093315302       5.159311295           0.009324976                     
  10721.117062852       5.185753822           0.009342489                     
  10730.146717541       5.208818436           0.009355713                     
  10739.183460800       5.232934952           0.009372455                     
  10748.228474055       5.271471024           0.009399834                     
  10757.282938734       5.336168289           0.009448272                     
  10766.343310553       5.441183567           0.009530305                     
  10775.410770941       5.655751228           0.009703149                     
  10784.486501326       5.898208141           0.009895229                     
  10793.569320279       6.090003967           0.010042381                     
  10802.661590656       6.099397182           0.010045133                     
  10811.759768174       5.930205822           0.009908012                     
  10820.866215688       5.726779461           0.009738244                     
  10829.978570342       5.552489281           0.009593524                     
  10839.102739277       5.419291496           0.009480902                     
  10848.231633924       5.363521576           0.009429096                     
  10857.367617140       5.302968502           0.009375008                     
  10866.511870352       5.265162945           0.009337590                     
  10875.666756417       5.238741875           0.009313164                     
  10884.826368194       5.231048107           0.009300666                     
  10893.994249967       5.214853287           0.009283344                     
  10903.169220309       5.205896854           0.009271649                     
  10912.351279219       5.226057053           0.009283037                     
  10921.545152410       5.214775562           0.009269645                     
  10930.742569885       5.198515415           0.009250699                     
  10939.948257356       5.194733143           0.009241933                     
  10949.162214824       5.200214386           0.009240793                     
  10958.386805145       5.193906784           0.009232344                     
  10967.616121177       5.195918560           0.009227796                     
  10976.852525778       5.178696632           0.009208084                     
  10986.098381804       5.192468166           0.009216424                     
  10995.350144970       5.188180447           0.009210286                     
  11004.613722416       5.213884830           0.009227548                     
  11013.882025575       5.214684486           0.009222612                     
  11023.157417302       5.227987766           0.009229698                     
  11032.441079026       5.253247738           0.009246699                     
  11041.735373602       5.273869038           0.009259252                     
  11051.035575319       5.309325695           0.009285699                     
  11060.342865603       5.378103256           0.009336719                     
  11069.657244457       5.461574554           0.009400746                     
  11078.981074734       5.493690491           0.009424200                     
  11088.314356437       5.474493980           0.009402875                     
  11097.652363851       5.425047398           0.009359325                     
  11106.999822690       5.397887707           0.009332272                     
  11116.353188670       5.359701633           0.009296850                     
  11125.718368930       5.324685097           0.009265903                     
  11135.089456330       5.289307117           0.009233581                     
  11144.466450871       5.270531178           0.009212464                     
  11153.852896836       5.236108303           0.009183627                     
  11163.246431369       5.250577450           0.009190496                     
  11172.651780183       5.239851952           0.009178694                     
  11182.060673282       5.224458218           0.009163624                     
  11191.479017805       5.233222008           0.009166765                     
  11200.904450896       5.251555920           0.009178237                     
  11210.340516840       5.279131889           0.009200574                     
  11219.782489924       5.263168812           0.009184948                     
  11229.231551576       5.293670654           0.009207171                     
  11238.688883225       5.316335201           0.009224342                     
  11248.154484871       5.313841820           0.009220606                     
  11257.629537941       5.330473423           0.009232611                     
  11267.111679579       5.302269459           0.009208471                     
  11276.600909786       5.310263634           0.009214271                     
  11286.098409989       5.316129208           0.009216144                     
  11295.605361616       5.302472115           0.009203706                     
  11305.119401812       5.305934429           0.009205869                     
  11314.640530577       5.318051338           0.009213691                     
  11324.169929338       5.339155197           0.009227204                     
  11333.709960951       5.367948532           0.009247919                     
  11343.254718277       5.435350418           0.009298793                     
  11352.808927027       5.484558582           0.009336273                     
  11362.370224345       5.558478832           0.009392768                     
  11371.939791660       5.623037815           0.009441522                     
  11381.519991828       5.697500229           0.009497142                     
  11391.104917708       5.783319473           0.009561584                     
  11400.699295012       5.886552334           0.009639681                     
  11410.300760885       6.067239761           0.009773937                     
  11419.914041038       6.319025040           0.009960274                     
  11429.532046904       6.633259296           0.010189759                     
  11439.157141338       6.912066936           0.010387062                     
  11448.791687196       7.019231796           0.010462394                     
  11458.434503051       6.926252842           0.010397308                     
  11468.086770331       6.683371067           0.010221952                     
  11477.746126179       6.419969082           0.010030857                     
  11487.412570595       6.168163776           0.009844791                     
  11497.087285007       5.965550900           0.009692104                     
  11506.772632273       5.823593140           0.009584141                     
  11516.463886678       5.698309422           0.009487655                     
  11526.163411080       5.626121998           0.009432426                     
  11535.871205479       5.578038692           0.009394966                     
  11545.586088445       5.535476685           0.009362105                     
  11555.312785693       5.515240669           0.009344090                     
  11565.045390081       5.512618542           0.009342029                     
  11574.785083037       5.526181221           0.009351161                     
  11584.534227418       5.579994678           0.009392783                     
  11594.292823223       5.578877926           0.009390008                     
  11604.057326168       5.563390732           0.009373388                     
  11613.831280538       5.520018578           0.009338857                     
  11623.612323477       5.477453709           0.009302024                     
  11633.401636411       5.400710583           0.009238959                     
  11643.202763627       5.353975296           0.009199544                     
  11653.008616555       5.318943024           0.009172554                     
  11662.822739479       5.309935570           0.009161839                     
  11672.645132399       5.295894146           0.009149956                     
  11682.479339601       5.262749195           0.009122474                     
  11692.318272514       5.267910957           0.009124512                     
  11702.165475424       5.273633957           0.009129776                     
  11712.020948330       5.263194561           0.009121147                     
  11721.884691233       5.279675007           0.009137946                     
  11731.760248417       5.284909248           0.009140461                     
  11741.640531312       5.297331810           0.009150827                     
  11751.529084205       5.304030895           0.009157250                     
  11761.427088521       5.338243484           0.009184607                     
  11771.335725690       5.314967155           0.009166689                     
  11781.249088572       5.308584213           0.009160697                     
  11791.171902878       5.300733566           0.009154094                     
  11801.101805752       5.297376633           0.009148923                     
  11811.043522907       5.278513908           0.009133300                     
  11820.991147203       5.295395851           0.009144915                     
  11830.947041495       5.276819706           0.009127504                     
  11840.911205783       5.276272297           0.009124348                     
  11850.883640067       5.263258457           0.009113356                     
  11860.867888633       5.281742573           0.009123889                     
  11870.856862910       5.277596951           0.009118245                     
  11880.854107184       5.264369011           0.009102360                     
  11890.860802883       5.277424335           0.009112151                     
  11900.878131434       5.275395393           0.009105829                     
  11910.901367125       5.263145447           0.009091545                     
  11920.932872813       5.283139229           0.009104321                     
  11930.972648498       5.286839485           0.009104614                     
  11941.020694178       5.284498692           0.009101926                     
  11951.080554140       5.285982132           0.009102232                     
  11961.146321241       5.303741455           0.009115185                     
  11971.220358340       5.324336529           0.009133356                     
  11981.302665434       5.307007313           0.009120648                     
  11991.395605381       5.317450047           0.009133188                     
  12001.495633897       5.343578815           0.009155117                     
  12011.602750981       5.359630108           0.009169226                     
  12021.719319489       5.381730556           0.009185780                     
  12031.844157994       5.397030354           0.009199175                     
  12041.980810780       5.435129166           0.009228612                     
  12052.122189277       5.478279114           0.009258913                     
  12062.273019200       5.531544685           0.009297826                     
  12072.432119118       5.608253479           0.009352253                     
  12082.601851890       5.721201420           0.009432120                     
  12092.777491801       5.825894833           0.009501139                     
  12102.962583137       5.848294258           0.009506842                     
  12113.155944470       5.851919651           0.009493048                     
  12123.357575799       5.879930019           0.009502837                     
  12133.571021409       5.924367428           0.009520474                     
  12143.790374159       5.984625340           0.009544253                     
  12154.017996905       6.060691357           0.009582383                     
  12164.253889648       6.223605633           0.009684324                     
  12174.501596671       6.511966705           0.009871128                     
  12184.755210835       6.809091568           0.010061200                     
  12195.017094995       6.882508278           0.010092404                     
  12205.288430580       6.668055058           0.009927074                     
  12215.568036161       6.331286907           0.009673981                     
  12225.858274595       6.067516327           0.009469508                     
  12236.155601597       5.844535828           0.009295798                     
  12246.461198596       5.687377930           0.009168899                     
  12256.775065591       5.568403721           0.009073858                     
  12267.100746867       5.471982956           0.008998546                     
  12277.432335283       5.397028446           0.008938704                     
  12287.772193695       5.348570347           0.008902528                     
  12298.121503532       5.312598705           0.008877292                     
  12308.479083366       5.302823067           0.008873405                     
  12318.848477480       5.279121399           0.008860102                     
  12329.222597306       5.266299725           0.008856498                     
  12339.607349985       5.260610104           0.008859053                     
  12349.999191232       5.272706032           0.008876844                     
  12360.404028188       5.263301849           0.008874531                     
  12370.813590856       5.288575172           0.008899804                     
  12381.232604949       5.283372879           0.008898934                     
  12391.659889038       5.274557114           0.008897108                     
  12402.098987408       5.297336102           0.008916687                     
  12412.545174346       5.283975124           0.008907072                     
  12422.998449853       5.289011478           0.008910121                     
  12433.461176784       5.278597355           0.008898840                     
  12443.933355139       5.298187256           0.008910364                     
  12454.416166347       5.277295113           0.008888195                     
  12464.906066124       5.292692661           0.008893670                     
  12475.404235897       5.294837952           0.008888282                     
  12485.910675666       5.290342331           0.008876130                     
  12496.428929716       5.267085075           0.008849361                     
  12506.954272335       5.275523663           0.008846931                     
  12517.487884950       5.276898861           0.008839449                     
  12528.029767561       5.275522232           0.008830177                     
  12538.581101597       5.284017086           0.008826015                     
  12549.144249913       5.288114071           0.008822480                     
  12559.713305370       5.275425434           0.008807719                     
  12570.290630823       5.279784203           0.008805642                     
  12580.877407701       5.307094574           0.008822301                     
  12591.477180288       5.324532509           0.008830895                     
  12602.081678586       5.347877502           0.008844497                     
  12612.694446881       5.410437584           0.008891671                     
  12623.317848029       5.495409012           0.008957386                     
  12633.949519173       5.626166821           0.009053865                     
  12644.593004598       5.842365742           0.009214999                     
  12655.242397163       6.024935722           0.009347103                     
  12665.900059725       6.063821793           0.009376413                     
  12676.567173711       5.957693100           0.009296660                     
  12687.247283406       5.796557426           0.009178210                     
  12697.932118813       5.649565220           0.009065847                     
  12708.626405644       5.550646782           0.008989931                     
  12719.330143900       5.501059532           0.008950707                     
  12730.042152153       5.454408646           0.008910445                     
  12740.767156114       5.382059574           0.008852280                     
  12751.496885787       5.360894680           0.008832113                     
  12762.236066885       5.359747410           0.008828675                     
  12772.984699408       5.348509789           0.008817817                     
  12783.745146211       5.320110798           0.008793154                     
  12794.512681582       5.311303616           0.008783071                     
  12805.288486950       5.296659946           0.008770026                     
  12816.072562314       5.305597782           0.008774197                     
  12826.866089103       5.299773216           0.008768814                     
  12837.672611601       5.302489281           0.008768008                     
  12848.485041239       5.293779850           0.008759443                     
  12859.305740873       5.301731586           0.008766343                     
  12870.135891932       5.298841000           0.008764303                     
  12880.977857271       5.288772106           0.008754669                     
  12891.826911179       5.287416935           0.008754902                     
  12902.684235084       5.283236504           0.008751824                     
  12913.551010412       5.280282497           0.008751181                     
  12924.430781450       5.286304474           0.008755061                     
  12935.315278200       5.280627728           0.008754409                     
  12946.209226374       5.282846928           0.008754710                     
  12957.112625973       5.297288895           0.008768356                     
  12968.025476996       5.302984238           0.008773723                     
  12978.950142300       5.287132740           0.008761892                     
  12989.881896172       5.286305428           0.008760943                     
  13000.821920041       5.301592827           0.008773615                     
  13011.771395334       5.295638561           0.008769225                     
  13022.732684908       5.309344292           0.008778662                     
  13033.701063050       5.306840420           0.008778326                     
  13044.677711189       5.328709602           0.008796155                     
  13055.663810752       5.314071178           0.008785660                     
  13066.659361740       5.316911697           0.008788479                     
  13077.667908437       5.322664738           0.008792743                     
  13088.682362273       5.329603195           0.008800453                     
  13099.705086106       5.324989796           0.008799003                     
  13110.738442792       5.316977024           0.008792708                     
  13121.783613759       5.309791565           0.008789848                     
  13132.834691865       5.328850269           0.008808802                     
  13143.895221397       5.312794209           0.008797615                     
  13154.965202352       5.309448719           0.008798732                     
  13166.044634733       5.322083950           0.008811724                     
  13177.135881394       5.310007572           0.008805787                     
  13188.234216623       5.308739662           0.008810872                     
  13199.340821849       5.316463947           0.008819294                     
  13210.458059927       5.302440166           0.008812292                     
  13221.587112286       5.312734604           0.008822854                     
  13232.722071785       5.322960377           0.008834541                     
  13243.867664137       5.320522308           0.008836012                     
  13255.021526485       5.315757275           0.008835306                     
  13266.184840258       5.315503120           0.008839036                     
  13277.361149739       5.307964802           0.008835654                     
  13288.543366361       5.309740067           0.008838659                     
  13299.735034407       5.317321777           0.008849208                     
  13310.936153878       5.312062740           0.008846652                     
  13322.150269058       5.324728966           0.008857679                     
  13333.370291378       5.323842049           0.008860024                     
  13344.599765122       5.313205719           0.008854038                     
  13355.838690291       5.326890469           0.008867427                     
  13367.087066884       5.320461750           0.008864202                     
  13378.348439186       5.301963806           0.008853304                     
  13389.615718628       5.319047451           0.008868424                     
  13400.892449495       5.323578835           0.008876473                     
  13412.178631787       5.315100193           0.008872878                     
  13423.477809787       5.337276459           0.008893199                     
  13434.782894927       5.310691833           0.008874881                     
  13446.097431492       5.326428890           0.008892816                     
  13457.422600910       5.341640949           0.008908719                     
  13468.759584608       5.331608295           0.008905417                     
  13480.103656874       5.355938435           0.008928924                     
  13491.455999137       5.362381458           0.008938552                     
  13502.818974253       5.356590271           0.008938581                     
  13514.191400793       5.376308441           0.008958236                     
  13525.575641613       5.375608921           0.008963804                     
  13536.966971002       5.407694340           0.008993751                     
  13548.368933244       5.445642471           0.009025894                     
  13559.779165482       5.495088577           0.009070413                     
  13571.202393429       5.501854420           0.009077844                     
  13582.632709944       5.526847363           0.009103573                     
  13594.071296455       5.516984940           0.009100393                     
  13605.520515820       5.497910976           0.009089952                     
  13616.979186608       5.450296879           0.009055380                     
  13628.450853106       5.422642708           0.009037208                     
  13639.929608171       5.407191277           0.009029457                     
  13651.416633234       5.412508965           0.009035323                     
  13662.914291148       5.396163464           0.009025739                     
  13674.424944772       5.372263908           0.009010103                     
  13685.941505536       5.376167774           0.009016745                     
  13697.467517724       5.376568794           0.009020870                     
  13709.004162765       5.374036312           0.009022689                     
  13720.550259230       5.376991272           0.009027248                     
  13732.108169976       5.368387222           0.009025751                     
  13743.674350719       5.382359982           0.009041671                     
  13755.248801457       5.374495029           0.009038264                     
  13766.833885049       5.373534679           0.009041989                     
  13778.431964349       5.355094433           0.009032855                     
  13790.035950790       5.371154308           0.009049854                     
  13801.650570083       5.374012470           0.009058259                     
  13813.273459372       5.365961075           0.009058359                     
  13824.908162942       5.368573666           0.009064191                     
  13836.554680793       5.371122837           0.009074322                     
  13848.208287212       5.364102840           0.009073778                     
  13859.871345056       5.379044533           0.009090419                     
  13871.543854324       5.376246452           0.009096367                     
  13883.229359301       5.388734818           0.009110815                     
  13894.921952846       5.389337063           0.009117521                     
  13906.625179244       5.388322353           0.009122334                     
  13918.336675638       5.381377697           0.009123606                     
  13930.058804885       5.403066635           0.009146270                     
  13941.795111269       5.387289524           0.009141696                     
  13953.536143365       5.400157452           0.009156327                     
  13965.288989741       5.399231911           0.009162134                     
  13977.050106114       5.405639648           0.009173229                     
  13988.825399624       5.392772198           0.009168368                     
  14000.606600274       5.391812801           0.009172591                     
  14012.398433776       5.404139519           0.009187258                     
  14024.199718703       5.399836063           0.009190784                     
  14036.010455055       5.399489880           0.009194717                     
  14047.835368543       5.419492722           0.009218017                     
  14059.666189172       5.408346653           0.009215366                     
  14071.507642653       5.415258408           0.009229173                     
  14083.358547559       5.439187527           0.009254264                     
  14095.223629602       5.456707478           0.009276311                     
  14107.094618785       5.473930359           0.009296911                     
  14118.976240820       5.500491619           0.009326290                     
  14130.867314280       5.581966400           0.009399316                     
  14142.771383449       5.647100449           0.009459419                     
  14154.682541186       5.821997643           0.009605346                     
  14166.604331775       6.005141735           0.009756811                     
  14178.535573789       6.157524109           0.009885171                     
  14190.476267228       6.155680180           0.009892884                     
  14202.431137803       6.077615738           0.009841555                     
  14214.393096947       5.981038094           0.009774895                     
  14226.364507515       5.846684456           0.009678486                     
  14238.345369508       5.781737804           0.009635450                     
  14250.340408637       5.714454651           0.009589024                     
  14262.342536335       5.686207771           0.009570447                     
  14274.354115458       5.695269108           0.009585352                     
  14286.376327433       5.710498810           0.009598878                     
  14298.409172260       5.748726368           0.009634717                     
  14310.455012797       5.829963207           0.009701865                     
  14322.506760473       5.892989159           0.009753701                     
  14334.569141002       5.914438725           0.009772003                     
  14346.642154384       5.873734474           0.009742546                     
  14358.728163475       5.829751492           0.009711220                     
  14370.821261133       5.747209072           0.009650930                     
  14382.924991645       5.694162369           0.009614008                     
  14395.038173581       5.658164024           0.009594669                     
  14407.161988369       5.629302502           0.009579868                     
  14419.298798866       5.638756275           0.009599613                     
  14431.442697932       5.632940769           0.009611578                     
  14443.597229850       5.640165329           0.009641296                     
  14455.762394621       5.656377792           0.009679391                     
  14467.940555100       5.696270943           0.009747024                     
  14480.125804148       5.703044415           0.009787854                     
  14492.320504620       5.700959206           0.009830804                     
  14504.525837945       5.716090679           0.009893672                     
  14516.741804122       5.702931404           0.009940385                     
  14528.971947436       5.725811481           0.010023947                     
  14541.207997891       5.715215206           0.010088387                     
  14553.454681198       5.711955070           0.010167981                     
  14565.711997358       5.737347603           0.010279765                     
  14577.983490654       5.732674599           0.010373753                     
  14590.260891091       5.774380207           0.010517029                     
  14602.548924380       5.782967567           0.010638084                     
  14614.847590522       5.817479134           0.010797178                     
  14627.155708088       5.830254078           0.010939310                     
  14639.478002791       5.830696583           0.011079476                     
  14651.808567491       5.833312988           0.011229970                     
  14664.148583615       5.874020576           0.011422004                     
  14676.498051164       5.874563694           0.011585361                     
  14688.862877277       5.879992485           0.011762832                     
  14701.233610531       5.867159367           0.011928247                     
  14713.614976637       5.868332386           0.012113848                     
  14726.006975596       5.889815331           0.012318479                     
  14738.413151692       5.871784210           0.012497081                     
  14750.826416356       5.870505333           0.012697286                     
  14763.249132444       5.855984211           0.012889696                     
  14775.682481386       5.873768330           0.013120866                     
  14788.127644607       5.858242035           0.013325325                     
  14800.585803538       5.880780697           0.013580240                     
  14813.051051037       5.874187469           0.013809999                     
  14825.525749960       5.873361588           0.014055950                     
  14838.012263164       5.813467503           0.014248941                     
  14850.512953505       5.798336983           0.014503823                     
  14863.019550986       5.811594009           0.014811656                     
  14875.537962747       5.813639641           0.015111262                     
  14888.065825934       5.857176304           0.015496923                     
  14900.605503400       5.828971863           0.015813562                     
  14913.158176576       5.829598427           0.016189863                     
  14925.717938320       5.828069210           0.016592194                     
  14938.288332916       5.860266209           0.017079102                     
  14950.869360365       5.864079952           0.017556093                     
  14963.465746379       5.853459835           0.018056713                     
  14976.068039534       5.859644413           0.018620907                     
  14988.680965540       5.868846893           0.019250128                     
  15001.304524400       5.868949413           0.019902366                     
  15013.938716112       5.977148056           0.020811157                     
  15026.587084960       6.020295620           0.021682141                     
  15039.242542377       6.025330067           0.022555993                     
  15051.908632647       6.102817059           0.023647936                     
  15064.585355769       6.145947933           0.024755677                     
  15077.276256028       6.083381653           0.025751155                     
  15089.975426284       6.186840534           0.027193412                     
  15102.684047964       6.125620842           0.028399610                     
  15115.403302496       6.175806046           0.029965348                     
  15128.134371309       6.131439209           0.031438754                     
  15140.878435831       6.247437477           0.033425015                     
  15153.630770349       6.265793324           0.035362705                     
  15166.392556292       6.363889217           0.037671669                     
  15179.166156516       6.418278694           0.040039064                     
  15191.953933876       6.486985683           0.042637658                     
  15204.748799804       6.660029411           0.045809659                     
  15217.554298585       6.657134056           0.048622059                     
  15230.370430219       6.735769749           0.051979675                     
  15243.198376134       6.824798107           0.055666256                     
  15256.039317757       6.803374767           0.059168828                     
  15268.888529376       6.950893879           0.063752754                     
  15281.748373848       6.871917725           0.067613015                     
  15294.618851173       6.970159054           0.072731748                     
  15307.503505634       6.936540127           0.077730561                     
  15320.395248664       6.886435986           0.083025859                     
  15333.298805974       7.166352272           0.090855497                     
  15346.211814709       6.935662746           0.096056986                     
  15359.140182009       6.880167484           0.103230539                     
  15372.076819305       6.780275822           0.110551305                     
  15385.022908026       6.978664398           0.120941730                     
  15397.980811027       6.824186802           0.129185327                     
  15410.948165453       6.455067158           0.135886512                     
  15423.932059872       5.842174053           0.138825653                     
  15436.921861431       5.449489594           0.143140535                     
  15449.923477271       4.528348446           0.139226321                     
  15462.934544535       3.417341471           0.123177408                     
  15475.962151792       2.267911196           0.100444174                     
  15488.995666189       1.344564080           0.076895490                     
  15502.040994867       0.839818954           0.060717653                     
  15515.096956398       0.467083305           0.045037493                     
  15528.163550781       0.094521970           0.019992833                     
  15541.245503729       0.015816774           0.008144538                     
  15554.334545246       0.000652534           0.001654277                     
