        5.02500   265815.60283688     8683.81722838
        5.07500   252765.95744681     8467.97818814
        5.12500   256737.58865248     8534.24621645
        5.17500   271489.36170213     8776.00470823
        5.22500   267517.73049645     8711.57590513
        5.27500   270638.29787234     8762.23841786
        5.32500   263829.78723404     8651.31953587
        5.37500   269503.54609929     8743.84964960
        5.42500   258156.02836879     8557.78900936
        5.47500   253049.64539007     8472.72880741
        5.52500   245106.38297872     8338.68848607
        5.57500   231489.36170213     8103.74857140
        5.62500   246524.82269504     8362.78182864
        5.67500   245957.44680851     8353.15283083
        5.72500   262978.72340426     8637.35452348
        5.77500   244539.00709220     8329.03163456
        5.82500   243120.56737589     8304.84037918
        5.87500   232624.11347518     8123.58641888
        5.92500   251063.82978723     8439.41831526
        5.97500   233191.48936170     8133.48719820
        6.02500   241134.75177305     8270.85375155
        6.07500   236028.36879433     8182.81140531
        6.12500   241418.43971631     8275.71752954
        6.17500   227234.04255319     8028.92011239
        6.22500   229503.54609929     8068.91498061
        6.27500   245390.07092199     8343.51272048
        6.32500   228368.79432624     8048.94238815
        6.37500   232340.42553191     8118.63150142
        6.42500   238297.87234043     8222.05772833
        6.47500   229503.54609929     8068.91498061
        6.52500   230354.60992908     8083.86204186
        6.57500   216170.21276596     7831.02056275
        6.62500   244539.00709220     8329.03163456
        6.67500   224680.85106383     7983.68639970
        6.72500   232907.80141844     8128.53831597
        6.77500   220992.90780142     7917.89261671
        6.82500   231489.36170213     8103.74857140
        6.87500   220425.53191489     7907.72190909
        6.92500   240000.00000000     8251.36997007
        6.97500   218439.71631206     7872.02095064
        7.02500   230921.98581560     8093.81141429
        7.07500   223546.09929078     7963.50005539
        7.12500   219290.78014184     7887.34114863
        7.17500   231773.04964539     8108.71258324
        7.22500   228368.79432624     8048.94238815
        7.27500   205673.75886525     7638.53164133
        7.32500   232907.80141844     8128.53831597
        7.37500   228085.10638298     8043.94149149
        7.42500   208226.95035461     7685.79698391
        7.47500   216737.58865248     7841.29075806
        7.52500   217872.34042553     7861.79089960
        7.57500   228368.79432624     8048.94238815
        7.62500   236399.60435213     5779.61320792
        7.67500   234703.97060902     5758.84806339
        7.72500   220291.08379257     5579.22481910
        7.77500   227638.83001272     5671.50833415
        7.82500   223964.95690264     5625.55581105
        7.87500   228062.73844850     5676.78661201
        7.92500   224530.16815035     5632.64983128
        7.97500   222410.62597146     5606.00096789
        8.02500   222551.92878338     5607.78149865
        8.07500   218595.45004946     5557.71101859
        8.12500   230040.97781546     5701.35396406
        8.17500   232019.21718242     5725.81590769
        8.22500   229758.37219161     5697.85082765
        8.27500   215062.87975131     5512.62094196
        8.32500   224671.47096227     5634.42194076
        8.37500   223258.44284301     5616.67568584
        8.42500   223117.14003109     5614.89797550
        8.47500   216193.30224671     5527.08978822
        8.52500   233997.45654939     5750.17378815
        8.57500   223258.44284301     5616.67568584
        8.62500   227073.61876501     5664.46297946
        8.67500   218736.75286138     5559.50701509
        8.72500   221280.20347605     5591.73631126
        8.77500   219584.56973294     5570.27083352
        8.82500   221421.50628798     5593.52138276
        8.87500   219019.35848523     5563.09726862
        8.92500   213791.15444397     5496.29796207
        8.97500   219019.35848523     5563.09726862
        9.02500   224812.77377420     5636.19349306
        9.07500   215769.39381094     5521.66841390
        9.12500   224671.47096227     5634.42194076
        9.17500   222410.62597146     5606.00096789
        9.22500   218171.54161368     5552.31954342
        9.27500   220573.68941642     5582.80239230
        9.32500   217182.42193020     5539.71902894
        9.37500   215486.78818708     5518.05120525
        9.42500   224812.77377420     5636.19349306
        9.47500   217041.11911827     5537.91661502
        9.52500   217888.93598983     5548.72231626
        9.57500   221704.11191183     5597.08981781
        9.62500   215204.18256323     5514.43162388
        9.67500   220573.68941642     5582.80239230
        9.72500   216193.30224671     5527.08978822
        9.77500   220997.59785220     5588.16445762
        9.82500   223117.14003109     5614.89797550
        9.87500   222693.23159531     5609.56146426
        9.92500   223823.65409072     5623.78090777
        9.97500   222693.23159531     5609.56146426
       10.02500   222269.32315953     5604.21987143
       10.07500   220856.29504027     5586.37767437
       10.12500   225236.68220998     5641.50481212
       10.17500   220714.99222835     5584.59031945
       10.22500   219584.56973294     5570.27083352
       10.27500   228124.12636287     4610.68563111
       10.32500   227099.05880160     4600.31499290
       10.37500   234088.15581027     4670.56717403
       10.42500   231851.64476750     4648.20199919
       10.47500   231012.95312646     4639.78726475
       10.52500   237629.29829466     4705.76131691
       10.57500   231292.51700680     4642.59387087
       10.62500   237815.67421489     4707.60635181
       10.67500   235081.87621427     5711.66128983
       10.72500   233416.59728004     5691.39513028
       10.77500   246322.50902026     5846.62071411
       10.82500   253261.17124618     5928.39560458
       10.87500   247293.92173189     5858.13791818
       10.92500   247571.46822093     5861.42439132
       10.97500   245073.54981959     5831.77945863
       11.02500   248126.56119900     5867.99181567
       11.07500   234804.32972523     5708.28859317
       11.12500   247710.24146545     5863.06693707
       11.17500   246461.28226478     5848.26741763
       11.22500   239661.39328337     5767.02602142
       11.27500   238273.66083819     5750.30512215
       11.32500   229669.71967805     5645.53028221
       11.37500   238273.66083819     5750.30512215
       11.42500   229808.49292256     5647.23562292
       11.47500   231890.09159034     5672.75421481
       11.52500   223980.01665279     5575.16220555
       11.57500   224396.33638634     5580.34117760
       11.62500   219539.27282820     5519.61748580
       11.67500   222453.51096309     5556.13134032
       11.72500   219261.72633916     5516.12737007
       11.77500   225645.29558701     5595.84933490
       11.82500   223424.92367472     5568.24941652
       11.87500   214543.43602553     5456.45385827
       11.92500   210935.33166805     5410.37709953
       11.97500   213016.93033583     5437.00750046
       12.02500   212739.38384679     5433.46432152
       12.07500   226894.25478768     5611.31463202
       12.12500   217735.22064946     5496.89212332
       12.17500   215792.39522620     5472.31311494
       12.22500   221759.64474049     5547.45936478
       12.27500   230224.81265612     5652.34855798
       12.32500   215376.07549265     5467.03180782
       12.37500   221343.32500694     5542.24966631
       12.42500   219539.27282820     5519.61748580
       12.47500   211629.19789065     5419.26844012
       12.52500   219955.59256175     5524.84852550
       12.57500   224535.10963086     5582.06643384
       12.62500   209963.91895643     5397.90461803
       12.67500   213155.70358035     5438.77822433
       12.72500   223563.69691923     5569.97841809
       12.77500   217180.12767138     5489.88077848
       12.82500   211629.19789065     5419.26844012
       12.87500   204274.21593117     5324.26480523
       12.92500   225506.52234249     5594.12832938
       12.97500   221204.55176242     5540.51201157
       13.02500   226462.39554318     4585.53694517
       13.07500   223491.17920149     4555.35620131
       13.12500   228040.85422470     4601.48995111
       13.17500   229712.16341690     4618.32130564
       13.22500   222469.82358403     4544.93528339
       13.27500   222083.67968966     5546.89421423
       13.32500   229703.51898033     5641.25050471
       13.37500   230119.14657800     5646.35186265
       13.42500   231643.11443613     5665.01753956
       13.47500   219451.37157107     5513.92317599
       13.52500   221390.96702688     5538.23665595
       13.57500   235937.93294541     5717.29295704
       13.62500   227348.29592685     5612.25522320
       13.67500   227763.92352452     5617.38291292
       13.72500   229564.97644777     5639.54902661
       13.77500   227209.75339429     5610.54495187
       13.82500   239262.95372679     5757.43828074
       13.87500   229980.60404544     5644.65192227
       13.92500   215433.63812690     5463.21533753
       13.97500   236769.18814076     5727.35566877
       14.02500   228318.09365475     5624.21256032
       14.07500   233167.08229426     5683.62191653
       14.12500   228041.00858964     5620.79877393
       14.17500   218481.57384317     5501.72614344
       14.22500   223192.01995012     5560.71827110
       14.27500   215018.01052923     5457.94281064
       14.32500   223746.19008035     5567.61742793
       14.37500   225270.15793849     5586.54617724
       14.42500   220282.62676642     5524.35634175
       14.47500   226101.41313383     5596.84396695
       14.52500   212939.87254087     5431.50340369
       14.57500   225270.15793849     5586.54617724
       14.62500   216541.97838736     5477.25059595
       14.67500   229842.06151288     5642.95146977
       14.72500   227763.92352452     5617.38291292
       14.77500   226378.49819895     5600.27235561
       14.82500   228595.17871987     5627.62427586
       14.87500   215987.80825713     5470.23746811
       14.92500   223192.01995012     5560.71827110
       14.97500   216957.60598504     5482.50455456
       15.02500   221806.59462455     5543.43281345
       15.07500   220975.33942920     5533.03561865
       15.12500   232197.28456636     5671.78982833
       15.17500   229842.06151288     5642.95146977
       15.22500   227348.29592685     5612.25522320
       15.27500   220559.71183153     5527.82968780
       15.32500   222499.30728734     5552.08226919
       15.37500   222776.39235245     5555.53828090
       15.42500   218481.57384317     5501.72614344
       15.47500   217511.77611527     5489.50201057
       15.52500   229149.34885010     5634.44150947
       15.57500   219866.99916874     5519.14222417
       15.62500   234968.13521751     5705.53069603
       15.67500   225824.32806872     5593.41347692
       15.72500   220282.62676642     5524.35634175
       15.77500   225857.12965530     4568.60071872
       15.82500   239257.00027724     4702.17326798
       15.87500   228721.92958137     4597.48376817
       15.92500   223105.90205107     5579.39138360
       15.97500   230640.43532859     5672.82024564
       16.02500   236919.21305986     5749.51800699
       16.07500   228966.09460025     5652.19174007
       16.12500   238454.02539417     5768.11123443
       16.17500   231477.60569276     5683.10641954
       16.22500   236221.57108972     5741.04663358
       16.27500   236779.68466583     5747.82473114
       16.32500   236361.09948374     5742.74190798
       16.37500   236361.09948374     5742.74190798
       16.42500   237198.26984791     5752.90306351
       16.47500   223384.95883912     5582.87959362
       16.52500   223384.95883912     5582.87959362
       16.57500   239849.30933445     5784.96231104
       16.62500   236640.15627180     5746.13095632
       16.67500   236500.62787777     5744.43668208
       16.72500   239012.13897028     5774.85756567
       16.77500   236640.15627180     5746.13095632
       16.82500   240826.00809265     5796.72891805
       16.87500   235663.45751360     5734.26052408
       16.92500   222687.31686898     5574.15497570
       16.97500   227291.75387191     5631.48767144
       17.02500   243058.46239710     5823.53474388
       17.07500   233431.00320915     5707.03539451
       17.12500   226315.05511372     5619.37507063
       17.17500   229663.73657039     5660.79608626
       17.22500   226035.99832566     5615.90952909
       17.27500   243616.57597321     5830.21694315
       17.32500   227570.81065997     5634.94363229
       17.37500   231896.19087484     5688.24253122
       17.42500   234128.64517929     5715.55717825
       17.47500   236779.68466583     5747.82473114
       17.52500   236919.21305986     5749.51800699
       17.57500   227431.28226594     5633.21591689
       17.62500   235802.98590763     5735.95780413
       17.67500   231059.02051067     5677.96566189
       17.72500   220873.44774662     5551.40679896
       17.77500   244453.74633738     5840.22590664
       17.82500   238454.02539417     5768.11123443
       17.87500   235942.51430166     5737.65458210
       17.92500   225896.46993163     5614.17595611
       17.97500   232314.77605693     5693.37400952
       18.02500   227849.86744803     5638.39747486
       18.07500   238035.44021208     5763.04630335
       18.12500   235105.34393749     5727.46637415
       18.17500   226035.99832566     5615.90952909
       18.22500   221710.61811079     5561.91751863
       18.27500   219059.57862425     5528.56502195
       18.32500   233291.47481512     5705.32951033
       18.37500   236919.21305986     5749.51800699
       18.42500   236640.15627180     5746.13095632
       18.47500   232860.86201909     4738.46779493
       18.52500   243370.93819304     4844.22203725
       18.57500   237392.72972712     4784.35492433
       18.62500   235849.96625205     4768.78334544
       18.67500   235199.05979139     5878.13986301
       18.72500   239753.19524019     5934.77592970
       18.77500   237696.48890848     5909.26556813
       18.82500   242691.34714265     5971.03024325
       18.87500   244307.33068900     5990.87659883
       18.92500   231085.64712796     5826.51153667
       18.97500   234611.42941090     5870.79218531
       19.02500   238137.21169384     5914.74133662
       19.07500   247980.02056706     6035.73926375
       19.12500   241222.27119142     5952.93068587
       19.17500   246657.85221096     6019.62722155
       19.22500   245188.77625973     6001.67422236
       19.27500   242691.34714265     5971.03024325
       19.32500   253121.78639636     6097.99253137
       19.37500   241075.36359630     5951.11770252
       19.42500   256500.66108418     6138.55807721
       19.47500   235933.59776700     5887.31156442
       19.52500   245923.31423535     6010.65742485
       19.57500   240487.73321581     5943.86023921
       19.62500   241222.27119142     5952.93068587
       19.67500   244894.96106949     5998.07717426
       19.72500   248420.74335243     6041.10039517
       19.77500   240193.91802556     5940.22818250
       19.82500   247686.20537682     6032.16252906
       19.87500   237843.39650360     5911.09138790
       19.92500   240781.54840605     5947.49007786
       19.97500   248714.55854268     6044.67184118
       20.02500   248861.46613780     6046.45677310
       20.07500   255472.30791832     6126.24047657
       20.12500   240928.45600118     5949.30416669
       20.17500   255913.03070369     6131.52247825
       20.22500   244601.14587924     5994.47796771
       20.27500   252240.34082562     6087.36575734
       20.32500   241809.90157191     5960.17710448
       20.37500   249889.81930366     6058.93657332
       20.42500   251211.98765976     6074.94435967
       20.47500   256794.47627442     6142.07285452
       20.52500   266931.10033789     6262.12472042
       20.57500   245482.59144998     6005.26911590
       20.62500   266049.65476715     6251.77694460
       20.67500   250918.17246952     6071.39072125
       20.72500   252387.24842074     6089.13817425
       20.77500   248567.65094755     6042.88638202
       20.82500   254150.13956222     6110.36707598
       20.87500   255031.58513295     6120.95391685
       20.92500   254590.86234758     6115.66278728
       20.97500   255031.58513295     6120.95391685
       21.02500   252093.43323050     6085.59282421
       21.07500   264580.57881592     6234.49248536
       21.12500   256768.81880393     5046.33709539
       21.17500   264405.43489041     5120.82937357
       21.22500   266884.85569771     5144.78323885
       21.27500   270356.04482793     5178.13249319
       21.32500   270157.69116334     5176.23260962
       21.37500   259248.23961123     5070.64287659
       21.42500   273765.43209877     6499.82706440
       21.47500   270833.33333333     6464.92594619
       21.52500   279475.30864198     6567.26013301
       21.57500   265586.41975309     6401.99645453
       21.62500   276543.20987654     6532.71928658
       21.67500   284413.58024691     6625.02714002
       21.72500   290895.06172840     6700.09053892
       21.77500   314969.13580247     6971.82530745
       21.82500   310956.79012346     6927.27644675
       21.87500   330864.19753086     7145.57833506
       21.92500   354012.34567901     7391.31482397
       21.97500   370987.65432099     7566.45103218
       22.02500   397685.18518519     7833.97539907
       22.07500   404938.27160494     7905.09165115
       22.12500   423148.14814815     8080.88114913
       22.17500   443672.83950617     8274.54112250
       22.22500   435493.82716049     8197.91665759
       22.27500   433796.29629630     8181.92354433
       22.32500   431790.12345679     8162.98219471
       22.37500   435185.18518519     8195.01114034
       22.42500   436574.07407407     8208.07786850
       22.47500   434876.54320988     8192.10459258
       22.52500   452314.81481481     8354.73931089
       22.57500   482098.76543210     8625.42506943
       22.62500   491975.30864198     8713.32976142
       22.67500   516358.02469136     8926.63880493
       22.72500   547222.22222222     9189.55242652
       22.77500   506944.44444444     8844.89498821
       22.82500   531481.48148148     9056.42021674
       22.87500   495370.37037037     8743.34288532
       22.92500   445370.37037037     8290.35556701
       22.97500   407870.37037037     7933.65983582
       23.02500   370061.72839506     7557.00280660
       23.07500   331172.83950617     7148.91038389
       23.12500   292746.91358025     6721.38325320
       23.17500   274845.67901235     6512.63822408
       23.22500   267746.91358025     6427.98320977
       23.27500   256790.12345679     6295.08581925
       23.32500   256790.12345679     6295.08581925
       23.37500   257407.40740741     6302.64748662
       23.42500   270679.01234568     6463.08382450
       23.47500   252006.17283951     6236.17202197
       23.52500   253395.06172840     6253.33320659
       23.57500   255864.19753086     6283.72625664
       23.62500   243518.51851852     6130.25434137
       23.67500   253086.41975309     6249.52368251
       23.72500   253395.06172840     6253.33320659
       23.77500   253395.06172840     6253.33320659
       23.82500   245658.61922914     5100.20947852
       23.87500   234116.89961881     4978.95719844
       23.92500   240258.36509953     5043.83962889
       23.97500   251270.64803050     5158.13721254
       24.02500   244599.74587039     5089.20577751
       24.07500   233587.46293943     4973.32425490
       24.12500   237820.51282051     6173.51291162
       24.17500   236538.46153846     6156.85022830
       24.22500   244391.02564103     6258.21288134
       24.27500   243269.23076923     6243.83324961
       24.32500   255288.46153846     6396.21860368
       24.37500   250480.76923077     6335.70429512
       24.42500   261057.69230769     6468.08848417
       24.47500   259775.64102564     6452.18658308
       24.52500   254166.66666667     6382.14992043
       24.57500   257532.05128205     6424.26354257
       24.62500   265064.10256410     6517.53186143
       24.67500   258333.33333333     6434.24996791
       24.72500   263942.30769231     6503.72560503
       24.77500   247756.41025641     6301.15488825
       24.82500   270352.56410256     6582.22845446
       24.87500   265865.38461538     6527.37559436
       24.92500   286378.20512821     6774.50685508
       24.97500   308493.58974359     7031.22146426
       25.02500   314262.82051282     7096.66340560
       25.07500   338301.28205128     7363.08013312
       25.12500   374839.74358974     7750.51428804
       25.17500   387660.25641026     7881.94399190
       25.22500   419230.76923077     8196.61016189
       25.27500   457051.28205128     8558.35251463
       25.32500   472916.66666667     8705.62618945
       25.37500   481089.74358974     8780.53046910
       25.42500   464102.56410256     8624.11797889
       25.47500   469391.02564103     8673.11482547
       25.52500   445352.56410256     8448.11240583
       25.57500   424679.48717949     8249.70363861
       25.62500   387660.25641026     7881.94399190
       25.67500   357852.56410256     7572.85727610
       25.72500   327083.33333333     7239.97243466
       25.77500   303044.87179487     6968.85093114
       25.82500   283012.82051282     6734.58377867
       25.87500   270993.58974359     6590.02730607
       25.92500   256089.74358974     6406.24874721
       25.97500   245673.07692308     6274.60639438
       26.02500   235897.43589744     6148.50195297
       26.07500   240224.35897436     6204.63483417
       26.12500   228044.87179487     6045.30003649
       26.17500   231570.51282051     6091.85186178
       26.22500   222275.64102564     5968.34116972
       26.27500   229326.92307692     6062.26933313
       26.32500   224839.74358974     6002.66692318
       26.37500   225320.51282051     6009.08117284
       26.42500   229807.69230769     6068.62058614
       26.47500   233974.35897436     6123.38883799
       26.52500   216025.64102564     5883.83325342
       26.57500   230166.09924688     4872.94570458
       26.62500   233983.28690808     4913.18720718
       26.67500   230785.10265140     4879.49389885
       26.72500   233054.78180130     4903.42912961
       26.77500   216923.79616643     5814.16802437
       26.82500   235468.28736170     6057.59442904
       26.87500   227988.15645940     5960.60199436
       26.92500   233442.41857566     6031.47965727
       26.97500   225494.77949197     5927.91852941
       27.02500   226741.46797569     5944.28272487
       27.07500   229079.00888266     5974.84479124
       27.12500   232039.89403148     6013.33376393
       27.17500   228923.17282219     5972.81218536
       27.22500   232819.07433380     6023.42156462
       27.27500   218637.99283154     5837.09546527
       27.32500   217235.46828736     5818.34336998
       27.37500   229702.35312451     5982.96830932
       27.42500   219105.50101293     5843.33279079
       27.47500   225806.45161290     5932.01381040
       27.52500   221754.71404083     5878.55263016
       27.57500   217391.30434783     5820.42991958
       27.62500   213962.91101761     5774.35166391
       27.67500   218949.66495247     5841.25442231
       27.72500   218170.48465015     5830.85146762
       27.77500   213183.73071529     5763.82795977
       27.82500   222533.89434315     5888.87131921
       27.87500   224715.59918965     5917.66792771
       27.92500   229079.00888266     5974.84479124
       27.97500   227832.32039894     5958.56452994
       28.02500   221287.20585944     5872.35271355
       28.07500   238429.17251052     6095.56092118
       28.12500   240455.04129656     6121.40231928
       28.17500   228455.66464080     5966.71021321
       28.22500   234221.59887798     6041.53715910
       28.27500   238117.50038959     6091.57559161
       28.32500   244195.10674770     6168.82512479
       28.37500   242636.74614306     6149.11006918
       28.42500   229546.51706405     5980.93846420
       28.47500   235468.28736170     6057.59442904
       28.52500   239831.69705470     6113.46275391
       28.57500   235000.77918030     6051.57794575
       28.62500   232663.23827334     6021.40535651
       28.67500   219105.50101293     5843.33279079
       28.72500   226585.63191523     5942.23966493
       28.77500   226741.46797569     5944.28272487
       28.82500   221910.55010129     5880.61781646
       28.87500   220819.69767804     5866.14624426
       28.92500   221598.87798036     5876.48671808
       28.97500   227832.32039894     5958.56452994
       29.02500   220975.53373851     5868.21579672
       29.07500   217702.97646875     5824.60077638
       29.12500   215521.27162225     5795.34174280
       29.17500   222066.38616176     5882.68227775
       29.22500   223538.94459637     4758.30229780
       29.27500   227286.53904588     4798.02259995
       29.32500   223640.23093285     4759.38017805
       29.37500   216955.33272562     4687.70848391
       29.42500   230730.27448597     4834.23460500
       29.47500   226371.39962368     5724.04687604
       29.52500   230568.82327399     5776.87133984
       29.57500   220581.84976118     5650.37524850
       29.62500   220726.58850774     5652.22874215
       29.67500   235489.94065711     5838.19482707
       29.72500   225358.22839774     5711.22294310
       29.77500   235055.72441743     5832.80986528
       29.82500   241424.22926617     5911.29768611
       29.87500   241134.75177305     5907.75267968
       29.92500   255319.14893617     6079.02735562
       29.97500   257345.49138804     6103.10280571
       30.02500   270227.23983210     6253.98688681
       30.07500   275582.57345491     6315.65327233
       30.12500   285135.33072804     6424.18324538
       30.17500   274858.87972210     6307.35520900
       30.22500   284411.63699522     6416.02554908
       30.27500   269358.80735273     6243.92954411
       30.32500   252134.89651180     6041.00065269
       30.37500   254450.71645680     6068.68006752
       30.42500   248516.42784773     5997.49583300
       30.47500   238095.23809524     5870.40086573
       30.52500   237516.28310899     5863.25925620
       30.57500   236068.89564336     5845.36705929
       30.62500   238384.71558836     5873.96841445
       30.67500   244608.48169055     5950.15336260
       30.72500   232305.68823274     5798.58897786
       30.77500   221884.49848024     5667.03486769
       30.82500   246345.34664930     5971.24080033
       30.87500   238963.67057461     5881.09701951
       30.92500   233753.07569836     5816.62506800
       30.97500   253582.28397742     6058.31510680
       31.02500   244608.48169055     5950.15336260
       31.07500   254595.45520336     6070.40584036
       31.12500   258792.87885367     6120.24157240
       31.17500   266608.77116804     6211.97386999
       31.22500   279201.04211898     6356.98111333
       31.27500   295701.25922710     6542.12730062
       31.32500   314951.51251990     6751.71734821
       31.37500   356781.01027645     7186.10020976
       31.42500   432624.11347518     7913.12023901
       31.47500   525691.12751484     8722.83640082
       31.52500   690982.77608916    10000.59902743
       31.57500   957157.33101751    11770.20613050
       31.62500  1313504.12505428    13788.21745785
       31.67500  1863945.57823129    16425.13764490
       31.72500  2613402.80793168    19448.92404949
       31.77500  3642929.51223042    22962.42694960
       31.82500  4823563.46794037    26422.65184107
       31.87500  5949051.96121002    29343.79532543
       31.92500  7048053.26385874    31939.41757635
       31.97500  7885279.48492830    27734.82492466
       32.02500  8165642.37635353    28223.57742278
       32.07500  7980587.25977953    27901.93409129
       32.12500  7460247.78070432    26976.99114042
       32.17500  6673105.06292069    25514.13590358
       32.22500  5780082.37716976    29159.25567302
       32.27500  5026184.17181524    27191.21532071
       32.32500  4497499.26448956    25721.42174154
       32.37500  4039570.46190056    24376.81794248
       32.42500  3749926.44895558    23486.63478819
       32.47500  3407325.68402471    22388.04872049
       32.52500  3027360.98852604    21102.87006817
       32.57500  2558105.32509562    19398.52151116
       32.62500  2043395.11621065    17337.46492252
       32.67500  1539717.56398941    15049.77308471
       32.72500  1122536.04001177    12850.19051589
       32.77500   785525.15445719    10749.52980668
       32.82500   570756.10473669     9162.93704172
       32.87500   446013.53339217     8099.97051953
       32.92500   362900.85319212     7306.39949290
       32.97500   312297.73462783     6777.87939600
       33.02500   286849.07325684     6495.85235829
       33.07500   273904.08943807     6347.58723460
       33.12500   277875.84583701     6393.44331042
       33.17500   268020.00588408     6279.03676682
       33.22500   273904.08943807     6347.58723460
       33.27500   262430.12650780     6213.21332214
       33.32500   293174.46307738     6567.08275538
       33.37500   299646.95498676     6639.17863866
       33.42500   300970.87378641     6653.82928973
       33.47500   302883.20094145     6674.93457166
       33.52500   289644.01294498     6527.42210425
       33.57500   285378.05236834     6479.17491778
       33.62500   264783.75992939     6241.01307314
       33.67500   258164.16593116     6162.50663891
       33.72500   253898.20535452     6111.37925209
       33.77500   261988.82024125     6207.98700971
       33.82500   252132.98028832     6090.09754177
       33.87500   251838.77611062     6086.54335557
       33.92500   238746.69020300     5926.22450088
       33.97500   233451.01500441     5860.13071110
       34.02500   227272.72727273     5782.06649221
       34.07500   230361.87113857     5821.22946084
       34.12500   234333.62753751     5871.19801220
       34.17500   233156.81082671     5856.43696305
       34.22500   228155.33980583     5793.28292660
       34.27500   258752.57428655     6169.52544146
       34.32500   256251.83877611     6139.64011613
       34.37500   284642.54192410     6470.82007882
       34.42500   321712.26831421     6879.28387825
       34.47500   376434.24536628     7441.38856719
       34.52500   442924.38952633     8071.87109051
       34.57500   503089.14386584     8602.64284626
       34.62500   539529.91452991     7238.91534352
       34.67500   571095.57109557     7447.66492334
       34.72500   576048.95104895     7479.89373718
       34.77500   553710.17871018     7333.42722650
       34.82500   510489.51048951     7041.40208251
       34.87500   468274.85380117     8274.13052446
       34.92500   390497.07602339     7555.80675990
       34.97500   315497.07602339     6791.56119844
       35.02500   278654.97076023     6382.71343653
       35.07500   238304.09356725     5902.52316906
       35.12500   237426.90058480     5891.64961392
       35.17500   219590.64327485     5666.02993423
       35.22500   232456.14035088     5829.64971853
       35.27500   214327.48538012     5597.71629213
       35.32500   216228.07017544     5622.48085469
       35.37500   219298.24561404     5662.25635410
       35.42500   208918.12865497     5526.62519633
       35.47500   212865.49707602     5578.59182115
       35.52500   201315.78947368     5425.13898108
       35.57500   193421.05263158     5317.69984780
       35.62500   210818.71345029     5551.70688481
       35.67500   196637.42690058     5361.73123418
       35.72500   193859.64912281     5323.72557194
       35.77500   200292.39766082     5411.33202436
       35.82500   196052.63157895     5353.75246304
       35.87500   199415.20467836     5399.46938965
       35.92500   200877.19298246     5419.22602130
       35.97500   199707.60233918     5403.42649491
       36.02500   197222.22222222     5369.69814977
       36.07500   196052.63157895     5353.75246304
       36.12500   201315.78947368     5425.13898108
       36.17500   201754.38596491     5431.04550322
       36.22500   206725.14619883     5497.54259560
       36.27500   202923.97660819     5446.76491526
       36.32500   201169.59064327     5423.16871082
       36.37500   201023.39181287     5421.19772449
       36.42500   217543.85964912     5639.56184853
       36.47500   229970.76023392     5798.40117399
       36.52500   220467.83625731     5677.33562542
       36.57500   241812.86549708     5945.81854025
       36.62500   250146.19883041     6047.40288887
       36.67500   264766.08187134     6221.61486285
       36.72500   271637.42690058     6301.83101235
       36.77500   304385.96491228     6670.89739564
       36.82500   314473.68421053     6780.53720778
       36.87500   317251.46198830     6810.41795255
       36.92500   310818.71345029     6741.01864526
       36.97500   308333.33333333     6714.01315977
       37.02500   294152.04678363     6557.79575790
       37.07500   272222.22222222     6308.61082175
       37.12500   265643.27485380     6231.91271519
       37.17500   240643.27485380     5931.42186406
       37.22500   223538.01169591     5716.72947252
       37.27500   211111.11111111     5555.55555556
       37.32500   211472.68640672     4545.96046110
       37.37500   207270.59513339     4500.56833369
       37.42500   198670.96648099     4406.21531031
       37.47500   204729.79575882     4472.89846237
       37.52500   196814.22847650     4385.57718603
       37.57500   199257.30479820     4412.71255932
       37.62500   194311.42069366     5310.16527747
       37.67500   200116.09345523     5388.89700410
       37.72500   189957.91612248     5250.34175450
       37.77500   206210.99985488     5470.34590770
       37.82500   217820.34537803     5622.22337188
       37.87500   217384.99492091     5616.60208398
       37.92500   232332.02728196     5806.48643847
       37.97500   230590.62545349     5784.68478537
       38.02500   249600.92874764     6018.41281478
       38.07500   279349.87665070     6366.97459541
       38.12500   314613.26367726     6756.89840477
       38.17500   351763.16935133     7144.70098685
       38.22500   397620.08416776     7596.14124412
       38.27500   418226.67247134     7790.48935218
       38.32500   425772.74706138     7860.45715510
       38.37500   423160.64431868     7836.30822812
       38.42500   413582.93426208     7747.11816284
       38.47500   378319.54723552     7409.48913726
       38.52500   347845.01523727     7104.79852845
       38.57500   312146.27775359     6730.35473824
       38.62500   254680.01741402     6079.33828636
       38.67500   229139.45726310     5766.45377632
       38.72500   202292.84574082     5418.12645555
       38.77500   197358.87389348     5351.64385854
       38.82500   191118.85067479     5266.36114109
       38.87500   191263.96749383     5268.36013951
       38.92500   198519.80844580     5367.36090811
       38.97500   198955.15890292     5373.24294923
       39.02500   191699.31795095     5274.35258900
       39.07500   203744.01393121     5437.52546661
       39.12500   216078.94354956     5599.70436267
       39.17500   226817.58815847     5737.16366297
       39.22500   257001.88651865     6106.98749456
       39.27500   301262.51632564     6611.97837753
       39.32500   387171.67319692     7495.67352787
       39.37500   494993.46974314     8475.36888721
       39.42500   628791.17689740     9552.39108451
       39.47500   824263.53214338    10936.84149262
       39.52500  1051516.47075896    12352.84280658
       39.57500  1271658.68524162    13584.51557127
       39.62500  1415034.10245247    14329.87256678
       39.67500  1478014.80191554    14645.29981076
       39.72500  1416049.92018575    14335.01517328
       39.77500  1294151.79219272    13704.13045169
       39.82500  1106660.86199391    12672.61236083
       39.87500   869394.86286461    11232.26677871
       39.92500   685676.96996082     9975.13211788
       39.97500   496438.52585940     7158.76471460
       40.02500   384019.82037783     6296.25299142
       40.07500   322597.29534428     5770.79585398
       40.12500   292350.57293280     5493.60367323
       40.17500   279033.75658098     5367.02629568
       40.22500   287498.70961082     5447.82690284
       40.27500   285183.38988528     6788.15690341
       40.32500   275004.03942479     6665.90768936
       40.37500   274357.73145904     6658.07005269
       40.42500   269187.26773307     6595.03365066
       40.47500   248343.83583778     6334.55995602
       40.52500   239295.52431734     6218.09061396
       40.57500   236387.13847148     6180.18791369
       40.62500   216351.59153337     5912.48164923
       40.67500   209403.78090160     5816.77169171
       40.72500   206495.39505574     5776.23620350
       40.77500   195023.42866376     5613.49257264
       40.82500   191307.15786072     5559.75134402
       40.87500   188075.61803199     5512.59399232
       40.92500   180158.34545161     5395.31680629
       40.97500   192276.61980934     5573.82074993
       41.02500   183713.03926321     5448.28414933
       41.07500   189691.38794636     5536.22287898
       41.12500   180643.07642592     5402.57020433
       41.17500   170463.72596542     5248.14405200
       41.22500   182420.42333172     5429.08308819
       41.27500   177249.95960575     5351.58996984
       41.32500   181935.69235741     5421.86515934
       41.37500   184844.07820326     5465.02973834
       41.42500   181612.53837454     5417.04786371
       41.47500   175795.76668282     5329.59201890
       41.52500   170463.72596542     5248.14405200
       41.57500   173695.26579415     5297.65594143
       41.62500   180158.34545161     5395.31680629
       41.67500   184197.77023752     5455.46712430
       41.72500   182905.15430603     5436.29143360
       41.77500   187914.04104056     5510.22553077
       41.82500   196639.19857812     5636.69851107
       41.87500   205364.35611569     5760.39536920
       41.92500   194377.12069801     5604.18329165
       41.97500   197447.08353530     5648.26572724
       42.02500   186621.42510906     5491.24106252
       42.07500   196154.46760381     5629.74677337
       42.12500   182258.84634028     5426.67817862
       42.17500   180158.34545161     5395.31680629
       42.22500   185005.65519470     5467.41777854
       42.27500   171110.03393117     5258.08372767
       42.32500   177734.69058006     5358.90255349
       42.37500   165939.57020520     5178.03210824
       42.42500   178542.57553724     5371.06806870
       42.47500   185651.96316045     5476.95952712
       42.52500   174341.57375990     5307.50289406
       42.57500   176603.65164001     5341.82428658
       42.62500   169655.84100824     5235.69292164
       42.67500   175311.03570852     5322.23916368
       42.72500   172952.02178923     4256.49479445
       42.77500   174628.11648858     4277.07011577
       42.82500   174628.11648858     4277.07011577
       42.87500   178608.84139954     4325.54427447
       42.92500   178085.06180599     4319.19717748
       42.97500   179424.67089225     5400.04801750
       43.02500   174223.95579392     5321.21096823
       43.07500   181862.50609459     5436.60935598
       43.12500   175036.56752804     5333.60607230
       43.17500   179587.19323907     5402.49313785
       43.22500   174386.47814074     5323.69229779
       43.27500   177149.35803673     5365.69933991
       43.32500   183975.29660328     5468.09811190
       43.37500   177474.40273038     5370.61974382
       43.42500   173248.82171299     5306.29862419
       43.47500   183650.25190964     5463.26550105
       43.52500   168860.71834877     5238.66779174
       43.57500   174549.00048757     5326.17247137
       43.62500   172923.77701934     5301.31852114
       43.67500   170323.41947018     5261.30799813
       43.72500   176336.74630262     5353.37854445
       43.77500   165122.70437185     5180.35997091
       43.82500   170810.98651065     5268.83311472
       43.87500   174223.95579392     5321.21096823
       43.92500   169348.28538924     5246.22538325
       43.97500   175199.08987486     5336.08163802
       44.02500   174061.43344710     5318.72848105
       44.07500   178774.58150496     5390.25644459
       44.12500   179749.71558589     5404.93715206
       44.17500   172273.68763205     5291.34425357
       44.22500   171786.12059158     5283.85119682
       44.27500   178937.10385178     5392.70600456
       44.32500   173086.29936616     5303.80915719
       44.37500   168860.71834877     5238.66779174
       44.42500   177474.40273038     5370.61974382
       44.47500   178287.01446449     5382.90107644
       44.52500   174549.00048757     5326.17247137
       44.57500   179262.14854542     5397.60178951
       44.62500   174874.04518121     5331.12935702
       44.67500   180237.28262636     5412.26257284
       44.72500   183975.29660328     5468.09811190
       44.77500   188525.92231432     5535.31167428
       44.82500   175036.56752804     5333.60607230
       44.87500   185600.52007151     5492.19738297
       44.92500   188525.92231432     5535.31167428
       44.97500   197627.17373639     5667.34788694
       45.02500   192914.02567853     5599.36069460
       45.07500   195189.33853405     5632.28456076
       45.12500   204940.67934341     5771.25984221
       45.17500   206565.90281164     5794.09831626
       45.22500   204615.63464976     5766.68129342
       45.27500   211929.14025679     5868.83474249
       45.32500   206240.85811799     5789.53782888
       45.37500   212904.27433772     5882.32116719
       45.42500   203567.23272455     4662.79610231
       45.47500   196304.60322546     4578.86384924
       45.52500   197799.85047527     4596.26931354
       45.57500   192566.48510093     4535.05793988
       45.62500   200700.47205726     5528.28836932
       45.67500   207248.36302726     5617.74531619
       45.72500   185625.09517283     5316.61040052
       45.77500   190345.66773260     5383.78849693
       45.82500   194457.13415563     5441.62277606
       45.87500   194457.13415563     5441.62277606
       45.92500   205725.59768540     5597.06896589
       45.97500   207248.36302726     5617.74531619
       46.02500   205116.49154865     5588.77700731
       46.07500   213187.14786051     5697.66618970
       46.12500   224912.44099284     5852.25486541
       46.17500   224455.61139028     5846.30845758
       46.22500   244708.39043703     6104.37102264
       46.27500   264808.89294960     6350.13231673
       46.32500   280188.82290239     6531.93561429
       46.37500   323739.91167961     7021.25286030
       46.42500   355108.87772194     7353.55350550
       46.47500   365615.95858078     7461.55017512
       46.52500   377950.35784986     7586.36741713
       46.57500   391655.24592660     7722.68757917
       46.62500   380843.61199939     7615.34932240
       46.67500   351149.68783310     7312.44538057
       46.72500   327394.54850008     7060.77241929
       46.77500   312623.72468403     6899.65631747
       46.82500   273336.37886402     6451.56697558
       46.87500   244556.11390285     6102.47142059
       46.92500   237399.11679610     6012.51317874
       46.97500   219582.76229633     5782.49963333
       47.02500   225064.71752703     5854.23565913
       47.07500   236028.62798843     5995.13314604
       47.12500   242119.68935587     6071.99696585
       47.17500   245165.22003959     6110.06628529
       47.22500   243642.45469773     6091.06136744
       47.27500   270747.67778285     6420.94370102
       47.32500   275772.80341099     6480.25668675
       47.37500   270138.57164611     6413.71697538
       47.42500   279122.88716309     6519.49889709
       47.47500   261763.36226587     6313.51071772
       47.52500   261763.36226587     6313.51071772
       47.57500   262524.74493681     6322.68600336
       47.62500   240901.47708238     6056.70223888
       47.67500   234962.69224912     5981.58042985
       47.72500   229176.18395005     5907.46603967
       47.77500   231003.50236029     5930.97063930
       47.82500   221410.08070656     5806.51011571
       47.87500   225064.71752703     5854.23565913
       47.92500   222932.84604842     5826.44326777
       47.97500   221562.35724075     5808.50650914
       48.02500   234505.86264657     5975.76271367
       48.07500   220191.86843307     5790.51418969
       48.12500   227422.74227423     4769.12451948
       48.17500   228522.85228523     4780.64542563
       48.22500   219821.98219822     4688.75214311
       48.27500   208820.88208821     4569.92085560
       48.32500   201320.13201320     4487.09556439
       48.37500   199638.66305330     5482.42741826
       48.42500   200240.89129780     5490.69031280
       48.47500   194820.83709726     5415.87044523
       48.52500   182174.04396266     5237.13554078
       48.57500   191056.91056911     5363.29814229
       48.62500   191659.13881361     5371.74428633
       48.67500   185034.62812406     5278.09338842
       48.72500   183679.61457392     5258.73206762
       48.77500   181571.81571816     5228.47195248
       48.82500   171032.82143933     5074.46538583
       48.87500   174345.07678410     5123.36631351
       48.92500   176302.31857874     5152.04415305
       48.97500   183378.50045167     5254.41986348
       49.02500   176753.98976212     5158.63947576
       49.07500   183529.05751280     5256.57640774
       49.12500   176603.43270099     5156.44197216
       49.17500   184131.28575730     5265.19375190
       49.22500   183227.94339054     5252.26243376
       49.27500   172086.72086721     5090.07573152
       49.32500   180819.03041253     5217.62223763
       49.37500   186088.52755194     5293.10323133
       49.42500   171635.04968383     5083.39145322
       49.47500   185335.74224631     5282.38626704
       49.52500   177055.10388437     5163.03167705
       49.57500   183227.94339054     5252.26243376
       49.62500   181872.92984041     5232.80553959
       49.67500   180819.03041253     5217.62223763
       49.72500   175248.41915086     5136.62213467
       49.77500   183980.72869618     5263.04073862
       49.82500   178711.23155676     5187.12230562
       49.87500   185636.85636856     5286.67565976
       49.92500   188196.32640771     5322.99594389
       49.97500   174043.96266185     5118.94007829
       50.02500   178109.00331226     5178.37504424
       50.07500   189551.33995784     5342.12435989
       50.12500   171936.16380608     5087.84861449
       50.17500   175700.09033424     5143.23723353
       50.22500   180969.58747365     5219.79398475
       50.27500   175398.97621198     5138.82811378
       50.32500   180367.35922915     5211.10156576
       50.37500   182475.15808491     5241.46196493
       50.42500   181872.92984041     5232.80553959
       50.47500   183378.50045167     5254.41986348
       50.52500   178861.78861789     5189.30681711
       50.57500   178109.00331226     5178.37504424
       50.62500   189551.33995784     5342.12435989
       50.67500   181872.92984041     5232.80553959
       50.72500   196476.96476965     5438.84127317
       50.77500   190755.79644685     5359.07007846
       50.82500   190344.40344403     4417.06876310
       50.87500   193111.93111931     4449.06404555
       50.92500   193214.43214432     4450.24463840
       50.97500   201414.51414514     4543.69829014
       51.02500   211357.11357114     4654.49468624
       51.07500   227008.86037275     5888.88947980
       51.12500   222425.90895203     5829.14269121
       51.17500   237702.41368775     6025.99539362
       51.22500   246868.31652918     6141.07890078
       51.27500   245187.90100825     6120.14226215
       51.32500   233730.52245646     5975.43758497
       51.37500   234799.87778796     5989.09128748
       51.42500   231591.81179346     5948.03615458
       51.47500   230216.92636725     5930.35409220
       51.52500   216773.60219982     5754.60073383
       51.57500   207454.93431103     5629.55263449
       51.62500   218301.25267339     5774.84209332
       51.67500   199511.15184846     5520.71830113
       51.72500   192483.95967003     5422.62124940
       51.77500   217079.13229453     5758.65469752
       51.82500   212801.71096853     5701.63691003
       51.87500   215093.18667889     5732.25268539
       51.92500   220134.43324167     5799.03846505
       51.97500   219370.60800489     5788.96893416
       52.02500   245646.19615032     6125.85935098
       52.07500   255270.39413382     6244.70926855
       52.12500   266727.77268561     6383.31268432
       52.17500   285365.10846318     6602.56119309
       52.22500   302016.49862511     6792.46381773
       52.27500   346471.12740605     7275.20983794
       52.32500   347540.48273755     7286.42836402
       52.37500   368774.82432020     7505.72471527
       52.42500   372899.48059884     7547.58284573
       52.47500   381148.79315613     7630.61029254
       52.52500   378093.49220898     7599.96514747
       52.57500   354109.37977391     7354.96676884
       52.62500   333180.56828598     7134.30762532
       52.67500   316070.88298197     6948.71091692
       52.72500   282615.33761075     6570.67313401
       52.77500   251298.50290254     6195.93638578
       52.82500   235563.70302475     5998.82490561
       52.87500   227008.86037275     5888.88947980
       52.92500   206538.34402689     5617.10244756
       52.97500   214940.42163153     5730.21672273
       53.02500   206538.34402689     5617.10244756
       53.07500   196303.08585396     5476.15286555
       53.12500   197219.67613810     5488.92276909
       53.17500   203177.51298503     5571.21372710
       53.22500   195080.96547510     5459.07986105
       53.27500   198747.32661167     5510.14017625
       53.32500   202566.45279560     5562.82965354
       53.37500   199663.91689581     5522.83149481
       53.42500   209440.87992667     5656.43403042
       53.47500   199816.68194317     5524.94388024
       53.52500   212065.25084641     4664.43743579
       53.57500   208576.99805068     4625.91579669
       53.62500   210423.72011901     4646.34938924
       53.67500   230327.28018878     4861.12967702
       53.72500   222632.60490407     4779.24066845
       53.77500   240063.34125099     6165.61277401
       53.82500   220902.61282660     5914.44161425
       53.87500   228978.62232779     6021.58458965
       53.92500   233412.50989707     6079.60532714
       53.97500   225336.50039588     5973.50312395
       54.02500   220269.20031671     5905.95604085
       54.07500   215360.25336500     5839.77479480
       54.12500   225494.85352336     5975.60166718
       54.17500   217893.90340459     5874.02596706
       54.22500   230245.44734759     6038.21883292
       54.27500   215043.54711006     5835.47926293
       54.32500   224861.44101346     5967.20306617
       54.37500   216627.07838480     5856.92541850
       54.42500   228661.91607284     6017.41884402
       54.47500   225653.20665083     5977.69947369
       54.52500   228978.62232779     6021.58458965
       54.57500   232937.45051465     6073.41533199
       54.62500   239588.28186857     6159.50921260
       54.67500   238479.80997625     6145.24399428
       54.72500   238638.16310372     6147.28390935
       54.77500   234996.04117181     6100.19328084
       54.82500   224861.44101346     5967.20306617
       54.87500   235787.80680918     6110.46124515
       54.92500   225336.50039588     5973.50312395
       54.97500   221694.37846397     5925.03149133
       55.02500   224861.44101346     5967.20306617
       55.07500   219160.72842439     5891.07687656
       55.12500   219002.37529691     5888.94821276
       55.17500   216785.43151227     5859.06571655
       55.22500   215835.31274743     5846.21217481
       55.27500   226286.61916073     5986.08334804
       55.32500   231828.97862233     6058.94741717
       55.37500   227553.44418052     6002.81596865
       55.42500   224544.73475851     5962.99932977
       55.47500   228345.20981789     6013.25021252
       55.52500   231195.56611243     6050.66450500
       55.57500   233412.50989707     6079.60532714
       55.62500   237529.69121140     6132.99025528
       55.67500   223752.96912114     5952.47700054
       55.72500   218527.31591449     5882.55759969
       55.77500   223911.32224861     5954.58295391
       55.82500   213935.07521774     5820.41993650
       55.87500   225019.79414093     5969.30382422
       55.92500   232937.45051465     6073.41533199
       55.97500   231195.56611243     6050.66450500
       56.02500   239588.28186857     6159.50921260
       56.07500   247347.58511481     6258.45537462
       56.12500   248931.11638955     6278.45688095
       56.17500   263341.25098971     6457.62422933
       56.22500   276499.18962723     5465.86272067
       56.27500   324473.25769854     5921.08428258
       56.32500   376661.26418152     6379.50920330
       56.37500   459751.48568341     7048.12112687
       56.42500   544894.65153971     7673.05057918
       56.47500   688975.73685068    10592.10836538
       56.52500   870216.57710471    11904.03314281
       56.57500  1106334.47321283    13422.19901319
       56.62500  1361830.32079466    14891.62018934
       56.67500  1601856.37518320    16150.73302864
       56.72500  1752646.14883569    16893.80872687
       56.77500  1873473.37567172    17466.43267129
       56.82500  1938120.82722684    17765.23167989
       56.87500  1822667.31802638    17227.97189091
       56.92500  1646474.51555121    16374.11958376
       56.97500  1534603.48477447    15808.05875201
       57.02500  1322260.21820550    14673.67572196
       57.07500  1153395.21250611    13704.69969624
       57.12500  1095424.19801335    13355.85257173
       57.17500  1071975.24833089    13212.12975381
       57.22500  1101937.79514737    13395.50191700
       57.27500  1216414.26477772    14074.11850600
       57.32500  1407914.02051783    15141.48665834
       57.37500  1706725.28904087    16671.02347732
       57.42500  2071812.40840254    18367.73758904
       57.47500  2512782.93437551    20228.23257217
       57.52500  2952125.06106497    21925.41523952
       57.57500  3380556.91255496    23462.51575226
       57.62500  3508711.93616675    23903.10440691
       57.67500  3628073.60364762    24306.27996358
       57.72500  3320957.49877870    23254.77329831
       57.77500  2909949.51962221    21768.23307663
       57.82500  2392607.06725289    19738.59071469
       57.87500  1915160.39732943    17659.68804596
       57.92500  1422406.77414102    15219.21867858
       57.97500  1056993.97492265    13119.48257910
       58.02500   818921.99967432    11547.86559289
       58.07500   598111.05683114     9868.95950139
       58.12500   500895.61960593     9031.37900919
       58.17500   398143.62481681     8051.93637198
       58.22500   373554.79563589     7799.33562275
       58.27500   354176.84416219     7594.34868351
       58.32500   356293.76323074     7617.01062597
       58.37500   357759.32258590     7632.66024768
       58.42500   339358.41068230     7433.78095458
       58.47500   356293.76323074     7617.01062597
       58.52500   363295.88014981     7691.49368417
       58.57500   362644.52043641     7684.59548217
       58.62500   357759.32258590     7632.66024768
       58.67500   365249.95929002     7712.15126931
       58.72500   350757.20566683     7557.59738536
       58.77500   345546.32795962     7501.24918175
       58.82500   315258.10128644     7164.95684742
       58.87500   308093.14443902     7083.06893696
       58.92500   291093.33333333     5572.24869829
       58.97500   272853.33333333     5394.84527633
       59.02500   245760.00000000     5120.00000000
       59.07500   240746.66666667     5067.50870196
       59.12500   234453.33333333     5000.83548575
       59.17500   235017.81665047     6169.74310163
       59.22500   231616.45610625     6124.93372245
       59.27500   218820.86167800     5953.34497878
       59.32500   212342.07968902     5864.55036937
       59.37500   220278.58762553     5973.14185766
       59.42500   215743.44023324     5911.33384869
       59.47500   209426.62779397     5824.15114881
       59.52500   201976.02850664     5719.61243376
       59.57500   210398.44509232     5837.64862032
       59.62500   208292.84094590     5808.36445644
       59.67500   214933.59248461     5900.22857146
       59.72500   212989.95788792     5873.49023792
       59.77500   217849.04437966     5940.11040521
       59.82500   207321.02364755     5794.79877551
       59.87500   222222.22222222     5999.43607951
       59.92500   219468.73987690     5962.15170693
       59.97500   214771.62293489     5898.00500681
       60.02500   211856.17103984     5857.83651442
       60.07500   211208.29284095     5848.87271956
       60.12500   212666.01878847     5869.02200583
       60.17500   212666.01878847     5869.02200583
       60.22500   195983.15516683     5634.11957594
       60.27500   212666.01878847     5869.02200583
       60.32500   205701.32815031     5772.11845844
       60.37500   205215.41950113     5765.29696487
       60.42500   204081.63265306     5749.34867162
       60.47500   206835.11499838     5788.00401205
       60.52500   215257.53158406     5904.67318871
       60.57500   212504.04923874     5866.78661363
       60.62500   211370.26239067     5851.11495568
       60.67500   216067.37933269     5915.77012237
       60.72500   211856.17103984     5857.83651442
       60.77500   219144.80077745     5957.74997012
       60.82500   206673.14544866     5785.73731762
       60.87500   215743.44023324     5911.33384869
       60.92500   217201.16618076     5931.27095031
       60.97500   206835.11499838     5788.00401205
       61.02500   214771.62293489     5898.00500681
       61.07500   213799.80563654     5884.64597492
       61.12500   207806.93229673     5801.58558101
       61.17500   209912.53644315     5830.90379009
       61.22500   200842.24165857     5703.53639833
       61.27500   204891.48040168     5760.74481496
       61.32500   200680.27210884     5701.23612141
       61.37500   194849.36831876     5617.79889732
       61.42500   197764.82021380     5659.67126973
       61.47500   207806.93229673     5801.58558101
       61.52500   194687.39876903     5615.46349963
       61.57500   197764.82021380     5659.67126973
       61.62500   193958.33333333     4494.88521050
       61.67500   207916.66666667     4653.81414660
       61.72500   199062.50000000     4553.64437383
       61.77500   210104.16666667     4678.23157768
       61.82500   204687.50000000     4617.53338735
       61.87500   207957.95795796     5587.92614592
       61.92500   215915.91591592     5693.83940716
       61.97500   206756.75675676     5571.76435894
       62.02500   212162.16216216     5644.12796673
       62.07500   219819.81981982     5745.08302394
       62.12500   223873.87387387     5797.81819108
       62.17500   231231.23123123     5892.31737848
       62.22500   245945.94594595     6076.90881227
       62.27500   252552.55255255     6157.98698331
       62.32500   283933.93393393     6529.37384539
       62.37500   290090.09009009     6599.77807082
       62.42500   322672.67267267     6960.55674865
       62.47500   330180.18018018     7041.06551813
       62.52500   352552.55255255     7275.70056432
       62.57500   344294.29429429     7189.98191821
       62.62500   363963.96396396     7392.51268774
       62.67500   352852.85285285     7278.79858471
       62.72500   353153.15315315     7281.89528708
       62.77500   324924.92492492     6984.80681658
       62.82500   322072.07207207     6954.07578193
       62.87500   302252.25225225     6736.70698924
       62.92500   280330.33033033     6487.80711726
       62.97500   270570.57057057     6373.86945249
       63.02500   259759.75975976     6245.23553846
       63.07500   243393.39339339     6045.29193369
       63.12500   237087.08708709     5966.46140730
       63.17500   235735.73573574     5949.43326011
       63.22500   223723.72372372     5795.87359328
       63.27500   231381.38138138     5894.23015808
       63.32500   226276.27627628     5828.84352666
       63.37500   213813.81381381     5666.05473397
       63.42500   227927.92792793     5850.07799963
       63.47500   228828.82882883     5861.62801680
       63.52500   221621.62162162     5768.58039408
       63.57500   227627.62762763     5846.22292310
       63.62500   224774.77477477     5809.47210875
       63.67500   217567.56756757     5715.57546867
       63.72500   215465.46546547     5687.89697444
       63.77500   215465.46546547     5687.89697444
       63.82500   225975.97597598     5824.97439678
       63.87500   227927.92792793     5850.07799963
       63.92500   203903.90390390     5533.19092273
       63.97500   213963.96396396     5668.04387032
       64.02500   213963.96396396     5668.04387032
       64.07500   206906.90690691     5573.78714513
       64.12500   206006.00600601     5561.63939263
       64.17500   202702.70270270     5516.86879005
       64.22500   225075.07507508     5813.35155634
       64.27500   223774.80761442     4760.08881067
       64.32500   224382.34102876     4766.54608989
       64.37500   219420.81814500     4713.55277939
       64.42500   232685.29769137     4853.93471616
       64.47500   229445.11948157     4820.02034646
       64.52500   237140.54272985     4900.18373129
       64.57500   228846.73291177     5869.79484782
       64.62500   228997.28997290     5871.72538392
       64.67500   222975.00752785     5794.00222972
       64.72500   212285.45618790     5653.41263340
       64.77500   216199.93977718     5705.29819979
       64.82500   212737.12737127     5659.42370648
       64.87500   207618.18729298     5590.91979152
       64.92500   201445.34778681     5507.17890942
       64.97500   191659.13881361     5371.74428633
       65.02500   197380.30713640     5451.33001814
       65.07500   191809.69587474     5373.85374814
       65.12500   204456.48900933     5548.18602008
       65.17500   183529.05751280     5256.57640774
       65.22500   202499.24721469     5521.56604062
       65.27500   188196.32640771     5322.99594389
       65.32500   193616.38060825     5399.10300423
       65.37500   187895.21228546     5318.73584241
       65.42500   183077.38632942     5250.10411748
       65.47500   191358.02469136     5367.52287563
       65.52500   183830.17163505     5260.88684422
       65.57500   187594.09816320     5314.47232602
       65.62500   191659.13881361     5371.74428633
       65.67500   188949.11171334     5333.63131103
       65.72500   179012.34567901     5191.49040938
       65.77500   189852.45408010     5346.36582492
       65.82500   179162.90274014     5193.67308361
       65.87500   193917.49473050     5403.29974253
       65.92500   191508.58175248     5369.63399582
       65.97500   199638.66305330     5482.42741826
       66.02500   190454.68232460     5354.83867624
       66.07500   194519.72297501     5411.68345547
       66.12500   194971.39415839     5417.96272672
       66.17500   199337.54893104     5478.29129740
       66.22500   193616.38060825     5399.10300423
       66.27500   197831.97831978     5457.56367371
       66.32500   190304.12526347     5352.72172076
       66.37500   195573.62240289     5426.32378529
       66.42500   197079.19301415     5447.17028459
       66.47500   201294.79072569     5505.12053562
       66.52500   200993.67660343     5501.00147740
       66.57500   204305.93194821     5546.14286552
       66.62500   214844.92622704     5687.39137836
       66.67500   228997.28997290     5871.72538392
       66.72500   248720.26498043     6119.36206953
       66.77500   267841.01174345     6350.22484461
       66.82500   279885.57663354     6491.43665682
       66.87500   290876.24209575     6617.66364825
       66.92500   298404.09515206     6702.74895801
       66.97500   306682.94171498     5585.29301731
       67.02500   299969.48428441     5523.82218793
       67.07500   293459.46495779     5463.55365761
       67.12500   282372.08829214     5359.34894612
       67.17500   269046.89248296     5231.36644110
       67.22500   254907.94425796     5092.05208454
       67.27500   246838.40749415     6207.92985233
       67.32500   249024.19984387     6235.35536228
       67.37500   248399.68774395     6227.53182675
       67.42500   249024.19984387     6235.35536228
       67.47500   246682.27946916     6205.96624960
       67.52500   243247.46291959     6162.60869820
       67.57500   246057.76736924     6198.10561789
       67.62500   244340.35909446     6176.43729738
       67.67500   245120.99921936     6186.29594259
       67.72500   265105.38641686     6433.53560594
       67.77500   275409.83606557     6557.37704918
       67.82500   297580.01561280     6816.19982918
       67.87500   301795.47228728     6864.30848930
       67.92500   298516.78376269     6826.91994038
       67.97500   306479.31303669     6917.37015359
       68.02500   305230.28883685     6903.26025587
       68.07500   300078.06401249     6844.74948221
       68.12500   302732.24043716     6874.95358511
       68.17500   284777.51756440     6667.96456021
       68.22500   271975.01951600     6516.35808110
       68.27500   254488.68071819     6303.39710794
       68.32500   219516.00312256     5854.28048689
       68.37500   232786.88524590     6028.64467644
       68.42500   226541.76424668     5947.22777666
       68.47500   212646.37002342     5761.94912951
       68.52500   208430.91334895     5704.55141497
       68.57500   207650.27322404     5693.85871313
       68.62500   222950.81967213     5899.90433339
       68.67500   200000.00000000     5587.98756227
       68.72500   215612.80249805     5801.99974272
       68.77500   219828.25917252     5858.44279135
       68.82500   213427.01014832     5772.51570565
       68.87500   220765.02732240     5870.91199905
       68.92500   223887.58782201     5912.28609797
       68.97500   248087.43169399     6223.61637096
       69.02500   241842.31069477     6144.78334244
       69.07500   240593.28649493     6128.89505898
       69.12500   247462.91959407     6215.77806008
       69.17500   257455.11319282     6340.02826050
       69.22500   269789.22716628     6490.12012204
       69.27500   270725.99531616     6501.37792776
       69.32500   278532.39656518     6594.44561497
       69.37500   306791.56908665     6920.89313327
       69.42500   325058.54800937     7123.95600097
       69.47500   341451.99063232     7301.38513729
       69.52500   388602.65417642     7789.20823311
       69.57500   419984.38719750     8097.61278994
       69.62500   435128.80562061     8242.31769793
       69.67500   462945.24189261     7015.93266829
       69.72500   444444.44444444     6874.31360989
       69.77500   426475.27910686     6733.91346457
       69.82500   396065.92238171     6489.39692490
       69.87500   356512.49335460     6156.84154888
       69.92500   320245.59702698     7193.35249299
       69.97500   283567.61997092     6768.89968190
       70.02500   262885.76506705     6517.38375508
       70.07500   248505.41282921     6336.62031059
       70.12500   244465.98804330     6284.90881848
       70.17500   237679.75440297     6197.06217831
       70.22500   229600.90483115     6090.83109548
       70.27500   229439.32783972     6088.68756872
       70.32500   230570.36677977     6103.67644774
       70.37500   232024.55970270     6122.89394781
       70.42500   237841.33139441     6199.16823178
       70.47500   235579.25351430     6169.61806173
       70.52500   244627.56503474     6286.98544461
       70.57500   249798.02876070     6353.07909237
       70.62500   250444.33672645     6361.29251415
       70.67500   264016.80400711     6531.38889365
       70.72500   259169.49426402     6471.15346405
       70.77500   247374.37388916     6322.18372807
       70.82500   250444.33672645     6361.29251415
       70.87500   247697.52787203     6326.31182758
       70.92500   241719.17918888     6249.50059971
       70.97500   235417.67652286     6167.50191759
       71.02500   225723.05703668     6039.17647149
       71.07500   227823.55792535     6067.21064971
       71.12500   231862.98271126     6120.76164966
       71.17500   220714.17030215     5971.79467202
       71.22500   229600.90483115     6090.83109548
       71.27500   232670.86766844     6131.41572500
       71.32500   225884.63402811     6041.33756531
       71.37500   229924.05881402     6095.11588750
       71.42500   243981.25706899     6278.67481911
       71.47500   248828.56681209     6340.73901126
       71.52500   264986.26595573     6543.36943975
       71.57500   291161.73856843     6858.93852861
       71.62500   290838.58458556     6855.13117970
       71.67500   311035.70851511     7089.16172838
       71.72500   319437.71206980     7184.27341264
       71.77500   305542.09080627     7026.27723547
       71.82500   315559.86427533     7140.53313750
       71.87500   300048.47309743     6962.82482676
       71.92500   284375.50492810     6778.53513117
       71.97500   269833.57569882     6602.94611139
       72.02500   255291.64646954     6422.55838240
       72.07500   246081.75795767     6305.64430476
       72.12500   231055.09775408     6110.08899699
       72.17500   210373.24285022     5830.22089277
       72.22500   224753.59508806     6026.19363353
       72.27500   223137.82517370     6004.49318987
       72.32500   221360.47826789     5980.53175742
       72.37500   220726.78331090     4975.56595173
       72.42500   223642.88918798     5008.32515966
       72.47500   221287.57290265     4981.88252905
       72.52500   227792.73216689     5054.57798979
       72.57500   226334.67922835     5038.37538026
       72.62500   229614.10860835     6331.92399667
       72.67500   232582.50392876     6372.72135181
       72.72500   255107.38606600     6674.18014794
       72.77500   242884.58180548     6512.32973598
       72.82500   253885.10563995     6658.17215468
       72.87500   262441.06862232     6769.43320237
       72.92500   264012.57202724     6789.67071599
       72.97500   254932.77457657     6671.89564328
       73.02500   250742.09883010     6616.83091374
       73.07500   259647.28479134     6733.30521553
       73.12500   263314.12606950     6780.68372235
       73.17500   261218.78819626     6753.65098859
       73.22500   248995.98393574     6593.75155876
       73.27500   253012.04819277     6646.71426949
       73.32500   241313.07840056     6491.22762195
       73.37500   242186.13584774     6502.95947251
       73.42500   242360.74733717     6505.30330372
       73.47500   241662.30137943     6495.92290475
       73.52500   248122.92648856     6582.18153482
       73.57500   232757.11541819     6375.11306566
       73.62500   249170.59542518     6596.06312817
       73.67500   253186.65968221     6649.00742611
       73.72500   260345.73074908     6742.35536103
       73.77500   281822.94394971     7014.95003548
       73.82500   285664.39671730     7062.59766585
       73.87500   280775.27501310     7001.89895434
       73.92500   300680.98480880     7245.85085429
       73.97500   287759.73459054     7088.45228922
       74.02500   283045.22437576     7030.14567459
       74.07500   285140.56224900     7056.11920767
       74.12500   290728.12991095     7124.91907215
       74.17500   271346.25458355     6883.32577071
       74.22500   272917.75798848     6903.22940484
       74.27500   280251.44054479     6995.36428287
       74.32500   271346.25458355     6883.32577071
       74.37500   270298.58564694     6870.02464568
       74.42500   273616.20394622     6912.05706754
       74.47500   272743.14649904     6901.02072477
       74.52500   282172.16692858     7019.29500340
       74.57500   296490.30906234     7195.17994693
       74.62500   322332.80949886     7502.20047457
       74.67500   344333.85716780     7754.00849002
       74.72500   398638.03038240     8343.06779494
       74.77500   452592.98061812     8889.76571424
       74.82500   532914.26575869     9646.39589100
       74.87500   624410.68622315    10441.70866962
       74.92500   704033.52540597    11087.48585045
       74.97500   794656.88842326    11779.48313290
       75.02500   891566.26506024    12477.08753969
       75.07500   958966.29998254    12940.11336731
       75.12500  1027374.67018470    10627.69790976
       75.17500  1032761.65347405    10655.52435925
       75.22500  1011433.59718558    10544.92419374
       75.27500   976802.99032542    10362.82739162
       75.32500   893044.61942257    12103.58710348
       75.37500   807578.74015748    11509.85783812
       75.42500   754757.21784777    11127.07866280
       75.47500   657316.27296588    10384.00079928
       75.52500   591043.30708661     9846.61988088
       75.57500   530019.68503937     9324.45635900
       75.62500   482611.54855643     8897.67166819
       75.67500   430446.19422572     8403.05018036
       75.72500   404035.43307087     8141.17794861
       75.77500   379921.25984252     7894.49436714
       75.82500   371555.11811024     7807.08926135
       75.87500   356627.29658793     7648.65041134
       75.92500   349245.40682415     7569.07611224
       75.97500   334317.58530184     7405.54681122
       76.02500   340059.05511811     7468.86642902
       76.07500   343996.06299213     7511.97712720
       76.12500   320374.01574803     7249.46843635
       76.17500   320866.14173228     7255.03424787
       76.22500   339238.84514436     7459.85367513
       76.27500   333661.41732283     7398.27577676
       76.32500   334645.66929134     7409.17965265
       76.37500   363517.06036745     7722.17998421
       76.42500   357939.63254593     7662.71044234
       76.47500   377788.71391076     7872.30679180
       76.52500   412893.70078740     8229.93962901
       76.57500   442093.17585302     8515.97595303
       76.62500   486056.43044619     8929.37099754
       76.67500   515748.03149606     9198.06152813
       76.72500   573326.77165354     9697.92077025
       76.77500   647637.79527559    10307.26907638
       76.82500   730971.12860892    10950.34072722
       76.87500   834317.58530184    11698.85126619
       76.92500  1001148.29396325    12815.23948988
       76.97500  1112860.89238845    13511.32564434
       77.02500  1309547.24409449    14656.76438173
       77.07500  1416338.58267717    15242.67057784
       77.12500  1606955.38057743    16236.01447724
       77.17500  1721292.65091864    16803.69840262
       77.22500  1782808.39895013    17101.32877943
       77.27500  1766896.32545932    17024.84060853
       77.32500  1790682.41469816    17139.05234463
       77.37500  1714074.80314961    16768.43015492
       77.42500  1602362.20472441    16212.79409528
       77.47500  1503116.79790026    15702.68377924
       77.52500  1343832.02099738    14847.38648161
       77.57500  1174048.55643045    13877.79763258
       77.62500  1051837.27034121    13135.65696796
       77.67500   901902.88713911    12163.46778997
       77.72500   775098.42519685    11276.02287145
       77.77500   669890.39329465     8484.38467361
       77.82500   599935.52546744     8029.17207961
       77.87500   535675.90801633     7586.99037529
       77.92500   487749.83881367     7239.64120469
       77.97500   456587.14807651     7004.55125198
       78.02500   435628.51497188     8137.26026103
       78.07500   412524.69980240     7918.53854849
       78.12500   386380.90895273     7663.51279280
       78.17500   367381.06095151     7472.71533867
       78.22500   351725.18619851     7311.75769619
       78.27500   328773.36981304     7069.16914682
       78.32500   325581.39534884     7034.76909281
       78.37500   321629.42696458     6991.94406445
       78.42500   302173.58261134     6777.16881277
       78.47500   291685.66651467     6658.51835045
       78.52500   281501.74798602     6541.24784659
       78.57500   262197.90241678     6312.98363195
       78.62500   265997.87201702     6358.56533314
       78.67500   251557.98753610     6183.56759593
       78.72500   252925.97659219     6200.35812566
       78.77500   237422.10062320     6007.31808645
       78.82500   234686.12251102     5972.60456130
       78.87500   243502.05198358     6083.75014324
       78.92500   236206.11035112     5991.91468139
       78.97500   237270.10183919     6005.39482144
       79.02500   230886.15291078     5924.05388962
       79.07500   242590.05927953     6072.34666528
       79.12500   241830.06535948     6062.82738264
       79.17500   237422.10062320     6007.31808645
       79.22500   257181.94254446     6252.30697711
       79.27500   278309.77352181     6504.05620773
       79.32500   286517.70785834     6599.26838307
       79.37500   309469.52424381     6858.49774901
       79.42500   328317.37346101     7064.26510936
       79.47500   348229.21416629     7275.32934718
       79.52500   380452.95637635     7604.49779684
       79.57500   417996.65602675     7970.88347903
       79.62500   426508.58793130     8051.63255093
       79.67500   452956.37634899     8297.51881073
       79.72500   462684.29852561     8386.14635910
       79.77500   468460.25231798     8438.32854950
       79.82500   466788.26569387     8423.25642347
       79.87500   456452.34838121     8329.47788954
       79.92500   429700.56239550     8081.70544950
       79.97500   408724.73020216     7881.98337891
       80.02500   381516.94786442     7615.12390933
       80.07500   347469.22024624     7267.38597834
       80.12500   320413.43669251     6978.71426250
       80.17500   313725.49019608     6905.49730451
       80.22500   291077.67137863     6651.57515946
       80.27500   280133.75892993     6525.33452916
       80.32500   256269.94984040     6241.21148127
       80.37500   263109.89512084     6323.95320344
       80.42500   257941.93646451     6261.53820460
       80.47500   246838.64441072     4997.10229043
       80.52500   234699.03894790     4872.67357766
       80.57500   241982.80222559     4947.70632702
       80.62500   239049.06423875     4917.62249984
       80.67500   240465.35154274     4932.16863662
       80.72500   228932.72635306     4812.44305200
       80.77500   236494.78207489     6024.48938809
       80.82500   238029.46593002     6044.00511587
       80.87500   240024.55494168     6069.28174748
       80.92500   248311.84775936     6173.16923300
       80.97500   263044.81276857     6353.66529911
       81.02500   261970.53406998     6340.67779623
       81.07500   276396.56230816     6512.92055676
       81.12500   287446.28606507     6641.83088041
       81.17500   310159.60712093     6899.25315930
       81.22500   308011.04972376     6875.31515795
       81.27500   342387.96807858     7248.84326496
       81.32500   362492.32658072     7458.62669136
       81.37500   381829.34315531     7654.98091672
       81.42500   412369.55187231     7955.23031473
       81.47500   432013.50521793     8142.50668808
       81.52500   469306.32289748     8486.67683407
       81.57500   484499.69306323     8622.95689864
       81.62500   509821.97667281     8845.42569122
       81.67500   526550.03069368     8989.37056207
       81.72500   516574.58563536     8903.81197321
       81.77500   506292.20380602     8814.75167635
       81.82500   477286.67894414     8558.52884813
       81.87500   450122.77470841     8311.41477228
       81.92500   409760.58931860     7930.02497407
       81.97500   399171.27071823     7826.88766114
       82.02500   366022.09944751     7494.85294480
       82.07500   341927.56292204     7243.96790743
       82.12500   301411.90914672     6801.26452000
       82.17500   298342.54143646     6766.54625078
       82.22500   261817.06568447     6338.82026644
       82.27500   251381.21546961     6211.20513961
       82.32500   246009.82197667     6144.48778980
       82.37500   247544.50583180     6163.62358135
       82.42500   239103.74462861     6057.62871577
       82.47500   220227.13321056     5813.59635509
       82.52500   219306.32289748     5801.42976410
       82.57500   227440.14732965     5908.03454724
       82.62500   213014.11909147     5717.59852983
       82.67500   216543.89195826     5764.77592725
       82.72500   225138.12154696     5878.05954641
       82.77500   211786.37200737     5701.09748957
       82.82500   211939.84039288     5703.16273053
       82.87500   217464.70227133     5777.01971293
       82.92500   229281.76795580     5931.90549113
       82.97500   207335.78882750     5640.87659591
       83.02500   227286.67894414     5906.04094687
       83.07500   213014.11909147     5717.59852983
       83.12500   214548.80294659     5738.15810185
       83.17500   211939.84039288     5703.16273053
       83.22500   223933.17230274     4747.37375808
       83.27500   228462.15780998     4795.14059967
       83.32500   224637.68115942     4754.83567271
       83.37500   226449.27536232     4773.96989760
       83.42500   225542.67023491     5790.76482134
       83.47500   239072.25691347     5961.92020689
       83.52500   227178.11477847     5811.72176203
       83.57500   241005.05501041     5985.97149545
       83.62500   231489.74130241     5866.61304102
       83.67500   236247.39815641     5926.59275290
       83.72500   245614.03508772     6042.93827919
       83.77500   223758.54891466     5767.81586122
       83.82500   228367.52899197     5826.91583178
       83.87500   242491.82277728     6004.40693021
       83.92500   239072.25691347     5961.92020689
       83.97500   241897.11567053     5997.03955697
       84.02500   236842.10526316     5934.04758950
       84.07500   230597.68064228     5855.29844410
       84.12500   237734.16592328     5945.21231732
       84.17500   228218.85221528     5825.01874046
       84.22500   228516.20576866     5828.81230565
       84.27500   228516.20576866     5828.81230565
       84.32500   236693.42848647     5932.18475863
       84.37500   232381.80196253     5877.90585809
       84.42500   243235.20666072     6013.60345411
       84.47500   229259.58965210     5838.28543445
       84.52500   241897.11567053     5997.03955697
       84.57500   237436.81236991     5941.49307246
       84.62500   224353.25602141     5775.47564661
       84.67500   243681.23699078     6019.11462385
       84.72500   225393.99345822     5788.85588282
       84.77500   221379.72048766     5737.07445185
       84.82500   232827.83229260     5883.54413839
       84.87500   237734.16592328     5945.21231732
       84.92500   238328.87303003     5952.64383561
       84.97500   236842.10526316     5934.04758950
       85.02500   240261.67112697     5976.73245383
       85.07500   250074.33838834     6097.56070604
       85.12500   255575.37912578     6164.26180245
       85.17500   256170.08623253     6171.42955115
       85.22500   270889.08712459     6346.25214702
       85.27500   280999.10793934     6463.59355316
       85.32500   297650.90692834     6652.35127006
       85.37500   290217.06809396     6568.75469354
       85.42500   296758.84626821     6642.37523155
       85.47500   295718.10883140     6630.71755010
       85.52500   299286.35147190     6670.60192512
       85.57500   300773.11923877     6687.15020638
       85.62500   295718.10883140     6630.71755010
       85.67500   292595.89652096     6595.62087803
       85.72500   281593.81504609     6470.42971959
       85.77500   266131.43027059     6290.27529031
       85.82500   260035.68242640     6217.81851511
       85.87500   245614.03508772     6042.93827919
       85.92500   241648.89836532     4953.31949138
       85.97500   234236.97837344     4876.76310631
       86.02500   230277.18550107     4835.36639244
       86.07500   212813.48360240     4648.40009839
       86.12500   221152.37658566     5813.76328950
       86.17500   218095.67476693     5773.44544323
       86.22500   215650.31331194     5740.98730582
       86.27500   214427.63258444     5724.68922523
       86.32500   212746.44658414     5702.20330313
       86.37500   211370.93076570     5683.73956344
       86.42500   213357.78694788     5710.39024676
       86.47500   198991.28839982     5514.78482429
       86.52500   208772.73421978     5648.69894928
       86.57500   221305.21167660     5815.77184485
       86.62500   219624.02567630     5793.63943788
       86.67500   207702.88858322     5634.20711942
       86.72500   220541.03622192     5805.72211928
       86.77500   207702.88858322     5634.20711942
       86.82500   207550.05349228     5632.13381406
       86.87500   211829.43603851     5689.90080055
       86.92500   215803.14840287     5743.02131379
       86.97500   203270.67094605     5573.76815797
       87.02500   208467.06403790     5644.56222302
       87.07500   212899.28167507     5704.25114061
       87.12500   222375.05731316     5829.81235603
       87.17500   215191.80803913     5734.88095348
       87.22500   209078.40440165     5652.83264830
       87.27500   216720.15894849     5755.21026555
       87.32500   220541.03622192     5805.72211928
       87.37500   204034.84640073     5584.23533744
       87.42500   211065.26058383     5679.62835888
       87.47500   209842.57985634     5663.15369514
       87.52500   214427.63258444     5724.68922523
       87.57500   218095.67476693     5773.44544323
       87.62500   200825.30949106     5540.14029051
       87.67500   216261.65367568     5749.11901996
       87.72500   210606.75531102     5673.45596615
       87.77500   211523.76585664     5685.79405097
       87.82500   218248.50985786     5775.46802008
       87.87500   220388.20113098     5803.71008591
       87.92500   217331.49931224     5763.32191196
       87.97500   215191.80803913     5734.88095348
       88.02500   207091.54821947     5625.90931356
       88.07500   216872.99403943     5757.23924861
       88.12500   201436.64985481     5548.56636426
       88.17500   221152.37658566     5813.76328950
       88.22500   216872.99403943     5757.23924861
       88.27500   217331.49931224     5763.32191196
       88.32500   220388.20113098     5803.71008591
       88.37500   220082.53094911     5799.68392511
       88.42500   215038.97294819     5732.84405732
       88.47500   214427.63258444     5724.68922523
       88.52500   217025.82913037     5759.26751686
       88.57500   224992.39890544     4775.19772551
       88.62500   228235.53258336     4809.49042980
       88.67500   228843.62014797     4815.89312679
       88.72500   234316.40822945     4873.13885889
       88.77500   231275.97040641     4841.41924090
       88.82500   252457.68724030     5058.26683428
       88.87500   238250.34899953     6079.08110509
       88.92500   242748.56522414     6136.19992085
       88.97500   234993.02000931     6037.38186941
       89.02500   236078.79633938     6051.31354215
       89.07500   251744.99767334     6248.87143741
       89.12500   242438.34341554     6132.27777285
       89.17500   239491.23623391     6094.89148577
       89.22500   239025.90352102     6088.96740387
       89.27500   244454.78517140     6157.72707966
       89.32500   232356.13463626     6003.41320936
       89.37500   237785.01628664     6073.14160088
       89.42500   233286.80006204     6015.42405139
       89.47500   222273.92585699     5871.72118218
       89.52500   227082.36389018     5934.89265386
       89.57500   230184.58197611     5975.29402335
       89.62500   228168.14022026     5949.06434334
       89.67500   216069.48968512     5789.19112968
       89.72500   214518.38064216     5768.37412185
       89.77500   226927.25298588     5932.86536340
       89.82500   210020.16441756     5707.57545928
       89.87500   222584.14766558     5875.81725605
       89.92500   213742.82612068     5757.93739515
       89.97500   225531.25484722     5914.58847989
       90.02500   219481.92957965     5834.72712077
       90.07500   217620.59872809     5809.93355059
       90.12500   219481.92957965     5834.72712077
       90.17500   218551.26415387     5822.34353315
       90.22500   217620.59872809     5809.93355059
       90.27500   225065.92213433     5908.48362176
       90.32500   217465.48782379     5807.86264211
       90.37500   217310.37691950     5805.79099495
       90.42500   229253.91655033     5963.20235357
       90.47500   221808.59314410     5865.57170814
       90.52500   221963.70404839     5867.62224892
       90.57500   228633.47293315     5955.12760057
       90.62500   224135.25670855     5896.25494300
       90.67500   222118.81495269     5869.67207334
       90.72500   234372.57639212     6029.40646055
       90.77500   229409.02745463     5965.21933396
       90.82500   232201.02373197     6001.40906535
       90.87500   218396.15324957     5820.27704026
       90.92500   223980.14580425     5894.21436327
       90.97500   229874.36016752     5971.26618735
       91.02500   239336.12532961     6092.91743180
       91.07500   238715.68171242     6085.01481183
       91.12500   238405.45990383     6081.05965066
       91.17500   236233.90724368     6053.30116367
       91.22500   235458.35272220     6043.35651893
       91.27500   237729.27554053     4935.58544064
       91.32500   248795.98319500     5049.15872313
       91.37500   247054.00143457     5031.45145904
       91.42500   244902.14161287     5009.49136657
       91.47500   246746.59288862     5028.32017477
       91.52500   256378.72732862     5125.52474655
       91.57500   264165.15973478     6309.34943202
       91.62500   252863.17058469     6172.90510798
       91.67500   255726.34116938     6207.75464860
       91.72500   264315.85292345     6311.14876172
       91.77500   269439.42133816     6372.02366241
       91.82500   275919.22845087     6448.18954049
       91.87500   283604.58107294     6537.37551642
       91.92500   288728.14948764     6596.16293799
       91.97500   285864.97890295     6563.37605195
       92.02500   298071.12718505     6702.03615369
       92.07500   291892.70644967     6632.21250291
       92.12500   306509.94575045     6796.24610234
       92.17500   312236.28691983     6859.43741817
       92.22500   318866.78722122     6931.88667872
       92.27500   323839.66244726     6985.73055244
       92.32500   316003.61663653     6900.69508249
       92.37500   328963.23086196     7040.77539857
       92.42500   339813.14044605     7155.94338191
       92.47500   362567.81193490     7391.65067416
       92.52500   364376.13019892     7410.06079153
       92.57500   379596.14225437     7563.23694474
       92.62500   408077.15491260     7841.83956073
       92.67500   448915.00904159     8224.86681675
       92.72500   465039.18022905     8371.27451015
       92.77500   517179.02350814     8828.10037123
       92.82500   562989.75286317     9210.79372510
       92.87500   623568.41470766     9693.68416882
       92.92500   674352.01928873    10080.68728169
       92.97500   729807.11271850    10486.99007952
       93.02500   807866.18444846    11033.58198191
       93.07500   876431.58529234    11492.27002106
       93.12500   918173.59855335    11762.75934110
       93.17500   972875.22603978    12108.08283701
       93.22500   980711.27185051    12156.74745636
       93.27500   990958.40867993    12220.09338922
       93.32500  1003918.02290536    12299.74016119
       93.37500   984026.52200121    12177.27778833
       93.42500   951476.79324894    11974.18355957
       93.47500   924954.79204340    11806.11650741
       93.52500   887432.18806510    11564.16819949
       93.57500   834538.87884268    11214.24650702
       93.62500   792796.86558168    10930.19156467
       93.67500   764014.46654611    10729.94763045
       93.72500   728300.18083183    10476.15752826
       93.77500   699517.78179626    10267.06214400
       93.82500   672242.31464738    10064.90625648
       93.87500   649939.72272453     9896.53925669
       93.92500   663893.84036443     8108.33412179
       93.97500   674291.93899782     8171.58496569
       94.02500   687066.74589028     8248.62920299
       94.07500   713606.65478313     8406.43312723
       94.12500   766389.38403644     8711.78315725
       94.17500   781937.01723113     8799.70682968
       94.22500   838352.52435784    11124.76234462
       94.27500   888249.18807204    11451.03688125
       94.32500   908030.70563921    11577.84340342
       94.37500   952612.93179805    11858.66061913
       94.42500   997195.15795689    12132.98007438
       94.47500  1051372.89636847    12458.21416347
       94.52500  1064216.12046058    12534.07590619
       94.57500  1076173.60496014    12604.29536825
       94.62500  1053882.49188072    12473.07399270
       94.67500  1078240.33067611    12616.39245304
       94.72500  1105845.88131089    12776.87677242
       94.77500  1100088.57395926    12743.57357833
       94.82500  1107912.60702687    12788.81061149
       94.87500  1150575.73073516    13032.71830785
       94.92500  1172128.72748745    13154.21872450
       94.97500  1162533.21523472    13100.26524158
       95.02500  1207410.68792442    13350.72688892
       95.07500  1248154.70918217    13574.11779554
       95.12500  1262769.41245940    13653.35651582
       95.17500  1234720.99202834    13500.87199902
       95.22500  1208444.05078240    13356.43877918
       95.27500  1212134.63241807    13376.81847729
       95.32500  1169028.63891349    13136.81182988
       95.37500  1088131.08945970    12674.12579385
       95.42500  1009890.75878358    12209.97016933
       95.47500   965751.40242102    11940.15810681
       95.52500   856953.05580159    11247.49787352
       95.57500   795246.53085326    10834.98452716
       95.62500   694862.71036315    10128.07495662
       95.67500   644523.17685267     9754.31268774
       95.72500   571744.90699734     9187.10238116
       95.77500   509300.26572188     8670.90354626
       95.82500   466637.14201358     8299.78907403
       95.87500   423235.90197815     7904.39535295
       95.92500   368615.29377030     7376.73324396
       95.97500   352229.11130794     7210.90920686
       96.02500   328018.89577797     6958.67950953
       96.07500   311189.84351934     6777.82124786
       96.12500   288751.10717449     6528.88821597
       96.17500   277679.36226749     6402.49437325
       96.22500   273103.04103927     6349.51673091
       96.27500   264688.51490995     6250.93456148
       96.32500   257602.59816947     6166.69577036
       96.37500   253764.39326838     6120.58235655
       96.42500   245792.73693534     6023.68047331
       96.47500   238263.95039858     5930.70842238
       96.52500   253616.77000295     6118.80182346
       96.57500   252878.65367582     6109.89137484
       96.62500   246678.47652790     6034.52419131
       96.67500   247315.00640457     4936.43710706
       96.72500   254409.30140901     5006.73801002
       96.77500   254507.83328407     5007.70746264
       96.82500   248694.45265543     4950.18491953
       96.87500   249876.83515617     4961.93844202
       96.92500   253766.27175662     6092.34038311
       96.97500   271317.82945736     6299.50430521
       97.02500   266052.36214714     6238.07755218
       97.07500   283018.86792453     6433.90886293
       97.12500   286967.96840720     6478.64109707
       97.17500   303788.21120374     6665.80597637
       97.22500   316074.30159427     6799.26242455
       97.27500   320023.40207693     6841.60629722
       97.32500   324557.55448296     6889.90242113
       97.37500   320608.45400029     6847.85719510
       97.42500   303788.21120374     6665.80597637
       97.47500   309492.46745649     6728.09711862
       97.52500   304373.26312710     6672.22157552
       97.57500   305689.62995466     6686.63416742
       97.62500   303495.68524207     6662.59586013
       97.67500   281556.23811613     6417.26224030
       97.72500   268538.83282141     6267.15965647
       97.77500   259909.31695188     6165.63958121
       97.82500   259470.52800936     6160.43284735
       97.87500   258592.95012432     6150.00615522
       97.92500   244405.44098289     5978.91865905
       97.97500   241333.91838526     5941.23036759
       98.02500   236653.50299839     5883.33636423
       98.07500   234752.08424748     5859.65353927
       98.12500   237092.29194091     5888.78810566
       98.17500   220710.83808688     5681.70969711
       98.22500   211935.05923651     5567.60752104
       98.27500   229047.82799473     5788.02367629
       98.32500   236507.24001755     5881.51799412
       98.37500   233435.71741992     5843.20150810
       98.42500   232704.40251572     5834.04144367
       98.47500   234605.82126664     5857.82781761
       98.52500   228462.77607138     5780.62683790
       98.57500   239139.97367266     5914.16311808
       98.62500   234167.03232412     5852.34723526
       98.67500   235483.39915167     5868.77362812
       98.72500   238847.44771098     5910.54478607
       98.77500   230802.98376481     5810.15769081
       98.82500   235629.66213251     5870.59594570
       98.87500   236653.50299839     5883.33636423
       98.92500   235044.61020916     5863.30327712
       98.97500   252157.37896738     6072.99677988
       99.02500   241480.18136610     5943.03046772
       99.07500   252742.43089074     6080.03793793
       99.12500   262980.83954951     6201.96432561
       99.17500   270147.72561065     6285.90579112
       99.22500   286090.39052216     6468.72733289
       99.27500   271464.09243820     6301.20205603
       99.32500   279634.04932379     5273.29895925
       99.37500   292163.88225935     5390.14726844
       99.42500   283611.77406523     5310.67220478
       99.47500   290572.79236277     5375.45017969
       99.52500   292561.65473349     5393.81528334
       99.57500   288140.73400061     6610.40179488
       99.62500   306339.09614801     6815.95543047
       99.67500   312556.86988171     6884.77977726
       99.72500   292083.71246588     6655.47717849
       99.77500   294206.85471641     6679.62254945
       99.82500   292387.01850167     6658.93187749
       99.87500   279648.16499848     6512.25676481
       99.92500   280406.43008796     6521.07976949
       99.97500   276918.41067637     6480.39448566
      100.02500   274795.26842584     6455.50398962
      100.07500   268577.49469214     6382.05199045
      100.12500   255232.02911738     6221.47148825
      100.17500   267212.61753109     6365.81494141
      100.22500   254928.72308159     6217.77373370
      100.27500   243403.09372157     6075.59163604
      100.32500   242796.48164998     6068.01608242
      100.37500   234758.87170155     5966.73205123
      100.42500   248407.64331210     6137.73319528
      100.47500   234910.52471944     5968.65897912
      100.52500   240066.72732787     6033.80839068
      100.57500   233242.34152260     5947.42843528
      100.62500   245829.54200789     6105.79986024
      100.67500   241886.56354261     6056.63498566
      100.72500   234000.60661207     5957.08806230
      100.77500   237640.27904155     6003.23791716
      100.82500   237336.97300576     5999.40565510
      100.87500   236730.36093418     5991.73377772
      100.92500   243251.44070367     6073.69863345
      100.97500   237488.62602366     6001.32209203
      101.02500   238550.19714892     6014.72005309
      101.07500   235062.17773734     5970.58528512
      101.12500   231574.15832575     5926.12183275
      101.17500   228692.75098574     5889.13795540
      101.22500   224294.81346679     5832.23673735
      101.27500   231270.85228996     5922.23966933
      101.32500   230057.62814680     5906.68550020
      101.37500   225811.34364574     5851.92034625
      101.42500   223233.24234152     5818.41859061
      101.47500   232180.77039733     5933.87854004
      101.52500   227024.56778890     5867.61969128
      101.57500   230815.89323628     5916.41164790
      101.62500   223384.89535942     5820.39462008
      101.67500   231422.50530786     5924.18106904
      101.72500   231877.46436154     5930.00145466
      101.77500   238246.89111313     6010.89511150
      101.82500   241431.60448893     6050.93640985
      101.87500   251440.70367000     6175.09040689
      101.92500   259175.00758265     6269.34383033
      101.97500   244313.01182894     6086.93728856
      102.02500   251744.00970579     6178.81370563
      102.07500   265560.58320764     5167.48724285
      102.12500   263147.31020613     5143.95397182
      102.17500   276219.20563097     5270.16900206
      102.22500   276520.86475616     5273.04599382
      102.27500   276420.31171443     5272.08717101
      102.32500   274733.63774734     6466.55883904
      102.37500   289041.09589041     6632.80321750
      102.42500   298782.34398782     6743.64624562
      102.47500   299238.96499239     6748.79734472
      102.52500   300456.62100457     6762.51442664
      102.57500   291628.61491629     6662.42576202
      102.62500   292541.85692542     6672.84938106
      102.67500   305783.86605784     6822.20238387
      102.72500   290106.54490107     6645.01672845
      102.77500   295890.41095890     6710.93080215
      102.82500   295738.20395738     6709.20451767
      102.87500   287823.43987823     6618.81732273
      102.92500   292694.06392694     6674.58506827
      102.97500   290867.57990868     6653.72693893
      103.02500   284018.26484018     6574.91965493
      103.07500   293607.30593607     6684.98972785
      103.12500   292389.64992390     6671.11324226
      103.17500   288584.47488584     6627.56196562
      103.22500   272146.11872146     6436.03485902
      103.27500   276864.53576865     6491.58846640
      103.32500   285388.12785388     6590.75649760
      103.37500   280060.88280061     6528.95299529
      103.42500   263926.94063927     6338.10131314
      103.47500   270167.42770167     6412.59495676
      103.52500   267123.28767123     6376.36531679
      103.57500   265753.42465753     6359.99464712
      103.62500   254337.89954338     6221.89754520
      103.67500   274124.80974125     6459.38970287
      103.72500   269863.01369863     6408.98120896
      103.77500   255859.96955860     6240.48706240
      103.82500   264840.18264840     6349.05741693
      103.87500   280517.50380518     6534.27334358
      103.92500   269863.01369863     6408.98120896
      103.97500   271385.08371385     6427.02962883
      104.02500   265144.59665145     6352.70525258
      104.07500   282191.78082192     6553.74433535
      104.12500   287975.64687976     6620.56717532
      104.17500   282191.78082192     6553.74433535
      104.22500   293150.68493151     6679.78942389
      104.27500   273972.60273973     6457.59617522
      104.32500   292541.85692542     6672.84938106
      104.37500   289497.71689498     6638.04033101
      104.42500   283409.43683409     6567.86880073
      104.47500   287519.02587519     6615.31622895
      104.52500   281887.36681887     6550.20846008
      104.57500   287519.02587519     6615.31622895
      104.62500   283257.22983257     6566.10490415
      104.67500   280974.12480974     6539.58936345
      104.72500   270471.84170472     6416.20666921
      104.77500   272889.41736029     5200.01655307
      104.82500   268430.43995244     5157.35778029
      104.87500   264962.34641300     5123.93320406
      104.92500   261593.34126040     5091.25349927
      104.97500   240651.82598574     5917.27030632
      105.02500   264367.81609195     6201.99082961
      105.07500   248945.14767932     6018.36690818
      105.12500   255201.51316747     6093.52294235
      105.17500   247490.17896115     6000.75385634
      105.22500   250691.11014113     6039.43476808
      105.27500   242252.29157573     5936.91423341
      105.32500   233376.98239488     5827.14517518
      105.37500   237159.90106213     5874.18281338
      105.42500   245016.73214026     5970.69242796
      105.47500   248217.66332024     6009.56683488
      105.52500   249672.63203841     6027.15413275
      105.57500   254183.03506475     6081.35153325
      105.62500   257092.97250109     6116.06272573
      105.67500   241233.81347301     5924.42108875
      105.72500   232504.00116397     5816.23631349
      105.77500   241961.29783210     5933.34744772
      105.82500   241961.29783210     5933.34744772
      105.87500   252873.56321839     6065.66669160
      105.92500   250254.61952568     6034.17469906
      105.97500   248217.66332024     6009.56683488
      106.02500   245744.21649935     5979.54971280
      106.07500   238614.86978030     5892.17422707
      106.12500   235559.43547214     5854.32839771
      106.17500   247781.17270479     6004.28060002
      106.22500   237305.39793394     5875.98443367
      106.27500   242397.78844755     5938.69682292
      106.32500   251418.59450022     6048.19138392
      106.37500   246762.69460207     5991.92791560
      106.42500   238469.37290848     5890.37755856
      106.47500   249527.13516659     6025.39771304
      106.52500   242979.77593482     5945.82183667
      106.57500   241961.29783210     5933.34744772
      106.62500   239487.85101120     5902.94275429
      106.67500   243998.25403754     5958.27010896
      106.72500   247635.67583297     6002.51748719
      106.77500   258693.43809108     6135.07017090
      106.82500   260584.89742471     6157.45786978
      106.87500   258984.43183472     6138.51974676
      106.92500   246908.19147388     5993.69414347
      106.97500   258838.93496290     6136.79520121
      107.02500   259566.41932198     6145.41308946
      107.07500   265677.28793831     6217.33176756
      107.12500   253310.05383384     6070.89947476
      107.17500   273970.60963189     6313.62547759
      107.22500   280663.46573549     6390.27826451
      107.27500   264076.82234832     6198.57657621
      107.32500   262476.35675833     6179.76446431
      107.37500   256510.98501382     6109.13626516
      107.42500   265095.30045104     6210.51825125
      107.47500   262559.80861244     5115.88015166
      107.52500   267045.45454545     5159.39565176
      107.57500   254784.68899522     5039.56326147
      107.62500   258672.24880383     5077.86508252
      107.67500   253488.83572568     5026.73113362
      107.72500   255949.70812753     6189.51448230
      107.77500   242179.31447388     6020.71107951
      107.82500   250561.29321958     6124.01513111
      107.87500   252507.10971411     6147.74817480
      107.92500   252956.14428978     6153.21203146
      107.97500   237539.29052537     5962.75536208
      108.02500   245621.91288729     6063.35252224
      108.07500   246220.62565484     6070.73785082
      108.12500   243526.41820087     6037.43272866
      108.17500   235443.79583895     5936.39635236
      108.22500   242179.31447388     6020.71107951
      108.27500   240233.49797934     5996.47526538
      108.32500   229756.02454722     5864.25326273
      108.37500   258943.27196527     6225.60525163
      108.42500   237090.25594971     5957.11682147
      108.47500   233497.97934441     5911.81489541
      108.52500   259691.66292471     6234.59530000
      108.57500   245472.23469540     6061.50478411
      108.62500   261637.47941925     6257.90898379
      108.67500   251309.68417902     6133.15409326
      108.72500   256548.42089508     6196.74945202
      108.77500   262535.54857057     6268.63990162
      108.82500   275557.55126478     6422.22360513
      108.87500   267325.25071097     6325.56402009
      108.92500   276006.58584044     6427.45413967
      108.97500   288130.51938333     6567.10401691
      109.02500   286184.70288879     6544.89181532
      109.07500   309833.85720700     6809.94651464
      109.12500   314773.23753929     6864.01406244
      109.17500   318365.51414459     6903.06993420
      109.22500   329142.34396049     7018.93374506
      109.27500   339769.49558449     7131.34515765
      109.32500   339021.10462506     7123.48692369
      109.37500   349648.25624906     7234.27389528
      109.42500   356084.41850022     7300.55285033
      109.47500   362819.93713516     7369.27623116
      109.52500   378386.46909145     7525.70279298
      109.57500   380781.32016165     7549.48074415
      109.62500   397245.92126927     7710.96953893
      109.67500   407124.68193384     7806.25942847
      109.72500   395749.13935040     7696.42875748
      109.77500   394102.67923963     7680.40210188
      109.82500   409519.53300404     7829.18534987
      109.87500   418799.58090106     7917.39629124
      109.92500   398143.99042060     7719.68086109
      109.97500   396198.17392606     7700.79387481
      110.02500   399341.41595570     7731.28068861
      110.07500   397245.92126927     7710.96953893
      110.12500   381978.74569675     7561.34167958
      110.17500   364653.93304580     6119.35383670
      110.22500   366707.74286301     6136.56240227
      110.27500   353152.59806942     6022.07718685
      110.32500   353974.12199630     6029.07756956
      110.37500   344731.97781885     5949.84840290
      110.42500   335263.83526384     7344.08765155
      110.47500   333011.58301158     7319.37784175
      110.52500   339607.46460746     7391.50901394
      110.57500   337998.71299871     7373.98110448
      110.62500   336068.21106821     7352.89245948
      110.67500   345559.84555985     7456.00400660
      110.72500   327702.70270270     7260.80057683
      110.77500   341216.21621622     7408.99545667
      110.82500   327702.70270270     7260.80057683
      110.87500   356981.98198198     7578.22761475
      110.92500   361808.23680824     7629.28294812
      110.97500   375482.62548263     7772.11861595
      111.02500   375482.62548263     7772.11861595
      111.07500   382400.25740026     7843.38593517
      111.12500   411357.78635779     8134.94007707
      111.17500   414897.03989704     8169.86095598
      111.22500   449967.82496783     8508.15175172
      111.27500   458172.45817246     8585.36941063
      111.32500   474581.72458172     8737.75779537
      111.37500   480212.35521236     8789.43911174
      111.42500   493725.86872587     8912.25159875
      111.47500   518983.26898327     9137.36925429
      111.52500   519465.89446589     9141.61688879
      111.57500   566441.44144144     9546.01267641
      111.62500   565476.19047619     9537.87571286
      111.67500   540057.91505792     9321.04629142
      111.72500   571750.32175032     9590.64257451
      111.77500   545527.67052767     9368.12957628
      111.82500   536036.03603604     9286.27393157
      111.87500   530405.40540541     9237.37272841
      111.92500   500643.50064350     8974.46955018
      111.97500   504343.62934363     9007.57250912
      112.02500   500482.62548263     8973.02752084
      112.07500   471846.84684685     8712.54482886
      112.12500   462998.71299871     8630.46884234
      112.17500   439350.06435006     8407.17028987
      112.22500   426319.17631918     8281.55577621
      112.27500   394787.64478764     7969.41188964
      112.32500   393661.51866152     7958.03745562
      112.37500   383043.75804376     7849.98256033
      112.42500   377091.37709138     7788.75060290
      112.47500   370656.37065637     7722.00772201
      112.52500   343307.59330759     7431.66632075
      112.57500   339768.33976834     7393.25951935
      112.62500   343629.34362934     7435.14801048
      112.67500   333494.20849421     7324.67981842
      112.72500   346364.22136422     7464.67680703
      112.77500   337837.83783784     7372.22602149
      112.82500   336235.48922056     5903.41246513
      112.87500   347118.57379768     5998.19083592
      112.92500   352715.58872305     6046.35552074
      112.97500   354477.61194030     6061.43926916
      113.02500   368262.85240464     6178.17646800
      113.07500   370232.17247098     6194.67363080
      113.12500   371705.96393897     7568.51851306
      113.17500   390661.11881646     7759.09747275
      113.22500   421174.29496070     8056.41893827
      113.27500   416242.87255355     8009.11478514
      113.32500   443057.48189243     8263.06464383
      113.37500   467406.38002774     8487.08264017
      113.42500   475728.15533981     8562.30197756
      113.47500   494683.31021729     8731.21619616
      113.52500   521652.02650640     8966.05838051
      113.57500   523193.09600863     8979.29242223
      113.62500   547696.10109416     9187.15275746
      113.67500   561411.61966405     9301.47475008
      113.72500   574202.49653259     9406.83770198
      113.77500   578671.59808907     9443.37414076
      113.82500   596085.68346432     9584.41165385
      113.87500   608414.23948220     9683.01930800
      113.92500   599476.03636924     9611.62960673
      113.97500   610109.41593466     9696.49944012
      114.02500   576514.10078595     9425.75354192
      114.07500   569887.50192634     9371.42597966
      114.12500   562644.47526583     9311.68213285
      114.17500   538141.47018031     9106.66463412
      114.22500   531514.87132070     9050.42185855
      114.27500   519032.20835260     8943.51556699
      114.32500   499922.94652489     8777.33448352
      114.37500   489905.99476036     8688.95383511
      114.42500   473724.76498690     8544.25413816
      114.47500   452920.32670673     8354.52992352
      114.52500   430420.71197411     8144.37371658
      114.57500   417629.83510556     8022.44727066
      114.62500   388041.30066266     7733.03701051
      114.67500   388503.62151333     7737.64229350
      114.72500   379103.09754970     7643.45616744
      114.77500   354291.87856372     7389.10284773
      114.82500   356757.58976730     7414.77067266
      114.87500   346124.21020188     7303.43387953
      114.92500   325782.09277238     7085.56876719
      114.97500   325319.77192171     7080.53937905
      115.02500   324549.23717060     7072.14911733
      115.07500   305131.76144244     6857.32638659
      115.12500   320850.67036523     7031.73650581
      115.17500   312991.21590384     6945.07895777
      115.22500   299583.91123440     6794.70108955
      115.27500   300662.65988596     6806.92335502
      115.32500   287563.56911697     6656.99216103
      115.37500   287563.56911697     6656.99216103
      115.42500   288950.53166898     6673.02668966
      115.47500   285714.28571429     6635.55251706
      115.52500   281399.29110803     6585.25523786
      115.57500   300150.82956259     5493.73087165
      115.62500   296128.70789341     5456.79780843
      115.67500   290196.07843137     5401.86064095
      115.72500   298843.64002011     5481.75492024
      115.77500   289994.97234791     5399.98856997
      115.82500   299216.02787456     6590.91722579
      115.87500   304587.68873403     6649.81561591
      115.92500   311120.78977933     6720.75319344
      115.97500   324477.35191638     6863.49979882
      116.02500   322299.65156794     6840.42914599
      116.07500   319105.69105691     6806.45073736
      116.12500   329123.11265970     6912.45984734
      116.17500   335656.21370499     6980.72896642
      116.22500   337108.01393728     6995.80940950
      116.27500   342624.85481998     7052.82102293
      116.32500   351771.19628339     7146.33825449
      116.37500   348432.05574913     7112.33955512
      116.42500   356416.95702671     7193.37348539
      116.47500   365708.47851336     7286.53315408
      116.52500   372822.29965157     7357.06124235
      116.57500   370354.23925668     7332.66916328
      116.62500   360336.81765389     7232.82154883
      116.67500   357142.85714286     7200.69498701
      116.72500   369483.15911731     7324.04079886
      116.77500   355255.51684088     7181.64355751
      116.82500   356416.95702671     7193.37348539
      116.87500   348722.41579559     7115.30241280
      116.92500   373112.65969803     7359.92558399
      116.97500   346544.71544715     7093.05081319
      117.02500   339866.43437863     7024.37305656
      117.07500   346544.71544715     7093.05081319
      117.12500   341318.23461092     7039.36000139
      117.17500   323461.09175377     6852.74315982
      117.22500   319396.05110337     6809.54668964
      117.27500   314169.57026713     6753.60240976
      117.32500   300958.18815331     6610.07690931
      117.37500   303861.78861789     6641.88689529
      117.42500   316202.09059233     6775.41340858
      117.47500   302845.52845528     6630.77075881
      117.52500   292392.56678281     6515.33265747
      117.57500   286149.82578397     6445.40443682
      117.62500   287166.08594657     6456.83970904
      117.67500   274390.24390244     6311.57523789
      117.72500   285859.46573751     6442.13348790
      117.77500   293844.36701510     6531.48773473
      117.82500   280632.98490128     6382.96978426
      117.87500   289779.32636469     6486.15212070
      117.92500   280052.26480836     6376.36215331
      117.97500   289198.60627178     6479.64971092
      118.02500   290650.40650407     6495.89353113
      118.07500   294570.26713124     6539.55030752
      118.12500   293263.64692218     6525.03050356
      118.17500   291085.94657375     6500.75876226
      118.22500   304297.32868757     6646.64526264
      118.27500   305290.54640069     5424.01359910
      118.32500   308567.02322444     5453.04205485
      118.37500   315890.91259516     5517.37697149
      118.42500   312518.06880601     5487.84273871
      118.47500   323398.12814975     6823.89956001
      118.52500   318790.49676026     6775.11323601
      118.57500   326565.87473002     6857.23881917
      118.62500   325557.95536357     6846.64848263
      118.67500   320518.35853132     6793.44916463
      118.72500   332757.37940965     6921.93828177
      118.77500   313894.88840893     6722.88986605
      118.82500   333333.33333333     6927.92611877
      118.87500   332901.36789057     6923.43572652
      118.92500   326709.86321094     6858.75038953
      118.97500   322246.22030238     6811.73573651
      119.02500   330309.57523398     6896.43197398
      119.07500   322966.16270698     6819.34066881
      119.12500   329733.62131030     6890.41676833
      119.17500   321382.28941685     6802.59859526
      119.22500   316342.69258459     6749.05206350
      119.27500   311879.04967603     6701.26783483
      119.32500   325125.98992081     6842.10474904
      119.37500   310007.19942405     6681.12757847
      119.42500   308855.29157667     6668.70334163
      119.47500   304247.66018719     6618.77318045
      119.52500   308999.28005760     6670.25763680
      119.57500   294456.44348452     6511.40046341
      119.62500   297048.23614111     6539.99421119
      119.67500   296904.24766019     6538.40895018
      119.72500   291288.69690425     6476.28110700
      119.77500   300647.94816415     6579.50160334
      119.82500   290568.75449964     6468.27284239
      119.87500   292152.62778978     6485.87797239
      119.92500   289128.86969042     6452.22649457
      119.97500   281641.46868251     6368.13373290
      120.02500   285673.14614831     6413.55146186
      120.07500   289848.81209503     6460.25465059
      120.12500   290568.75449964     6468.27284239
      120.17500   280921.52627790     6359.98929456
      120.22500   280777.53779698     6358.35915502
      120.27500   271274.29805616     6249.82992490
      120.32500   280921.52627790     6359.98929456
      120.37500   272858.17134629     6268.04862770
      120.42500   272714.18286537     6266.39457077
      120.47500   277753.77969762     6324.02915939
      120.52500   278041.75665947     6327.30670777
      120.57500   262634.98920086     6149.50511276
      120.62500   275305.97552196     6296.10111132
      120.67500   270554.35565155     6241.53111640
      120.72500   266954.64362851     6199.87045115
      120.77500   268538.51691865     6218.23553108
      120.82500   268250.53995680     6214.90046218
      120.87500   266666.66666667     6196.52549787
      120.92500   268087.26534754     5215.66606835
      120.97500   263115.16996449     5167.07338670
      121.02500   257534.24657534     5111.98040297
      121.07500   269609.33536276     5230.45112891
      121.12500   271740.23338407     5251.08027719
      121.17500   267376.96600710     5208.75201125
      121.22500   277074.54289733     6580.24793606
      121.27500   273011.40803251     6531.82201719
      121.32500   260822.00343804     6384.34074568
      121.37500   268479.44991405     6477.38139586
      121.42500   278637.28707611     6598.77866252
      121.47500   278012.18940459     6591.37262352
      121.52500   274730.42662916     6552.35358438
      121.57500   298484.13814659     6829.74633018
      121.62500   280200.03125488     6617.25749640
      121.67500   302547.27301141     6876.07438662
      121.72500   284419.44053758     6666.89451718
      121.77500   294577.27769964     6784.90181156
      121.82500   298015.31489295     6824.38054724
      121.87500   304578.84044382     6899.12175485
      121.92500   312705.11017346     6990.55141314
      121.97500   309267.07298015     6952.01638366
      122.02500   307079.23112986     6927.38248454
      122.07500   313799.03109861     7002.76808952
      122.12500   323019.22175340     7104.90259207
      122.17500   313330.20784498     6997.53498273
      122.22500   315205.50085951     7018.44399840
      122.27500   321456.47757462     7087.69524641
      122.32500   309579.62181591     6955.52839014
      122.37500   314111.57993436     7006.25465587
      122.42500   311611.18924832     6978.31334951
      122.47500   316768.24503829     7035.82071229
      122.52500   316924.51945617     7037.55602388
      122.57500   320050.00781372     7072.17283887
      122.62500   315049.22644163     7016.70396019
      122.67500   311142.36599469     6973.06189008
      122.72500   305360.21253321     6907.96565254
      122.77500   301609.62650414     6865.41104438
      122.82500   311142.36599469     6973.06189008
      122.87500   313017.65900922     6994.04406957
      122.92500   301765.90092202     6867.18941795
      122.97500   320518.83106735     7077.35075745
      123.02500   316611.97062041     7034.08497261
      123.07500   303172.37068292     6883.17410394
      123.12500   295983.74746054     6801.07990217
      123.17500   301609.62650414     6865.41104438
      123.22500   307860.60321925     6936.19034886
      123.27500   316299.42178465     7030.61220766
      123.32500   308798.24972652     6946.74504482
      123.37500   306766.68229411     6923.85620156
      123.42500   315830.59853102     7025.39984153
      123.47500   311298.64041256     6974.81281588
      123.52500   318487.26363494     7054.88566357
      123.57500   306610.40787623     6922.09238642
      123.62500   314736.67760588     7013.22258863
      123.67500   315986.87294890     7027.13772649
      123.72500   325207.06360369     7128.92309921
      123.77500   323800.59384279     7113.49065588
      123.82500   325207.06360369     7128.92309921
      123.87500   336146.27285513     7247.83161451
      123.92500   308934.70790378    10303.54938183
      123.97500   307216.49484536    10274.85662387
      124.02500   334364.26116838    10719.22608968
      124.07500   333676.97594502    10708.20374631
      124.12500   329553.26460481    10641.82994309
      124.17500   316494.84536082    10428.85972886
      124.22500   327147.76632302    10602.92001412
      124.27500   346735.39518900    10915.72520568
      124.32500   339862.54295533    10807.00013300
      124.37500   339175.25773196    10796.06740371
      124.42500   340893.47079038    10823.37852098
      124.47500   339518.90034364    10801.53515155
      124.52500   358419.24398625    11098.11358210
      124.57500   353608.24742268    11023.37796037
      124.62500   328522.33676976    10625.17170704
      124.67500   360824.74226804    11135.29329623
      124.72500   340206.18556701    10812.46235227
      124.77500   330584.19243986    10658.46214383
      124.82500   344329.89690722    10877.79504560
      124.87500   352920.96219931    11012.66004052
      124.92500   337113.40206186    10763.20258651
      124.97500   337457.04467354    10768.68702130
      125.02500   365979.38144330    11214.54905298
      125.07500   341237.11340206    10828.83247876
      125.12500   357388.31615120    11082.14123477
      125.17500   324054.98281787    10552.68215312
      125.22500   331958.76288660    10680.59812228
      125.27500   343298.96907216    10861.49871428
      125.32500   338487.97250859    10785.12359208
      125.37500   354982.81786942    11044.78259793
      125.42500   345017.18213058    10888.64571667
      125.47500   332646.04810997    10691.64892516
      125.52500   324398.62542955    10558.27594209
      125.57500   326460.48109966    10591.77663740
      125.62500   328178.69415808    10619.61315489
      125.67500   331271.47766323    10669.53587372
      125.72500   306872.85223368    10269.10845188
      125.77500   319243.98625430    10474.05543239
      125.82500   314089.34707904    10389.15220469
      125.87500   327147.76632302    10602.92001412
      125.92500   306185.56701031    10257.60244440
      125.97500   316494.84536082    10428.85972886
      126.02500   303092.78350515    10205.66488310
      126.07500   313402.06185567    10377.77929247
      126.12500   308591.06529210    10297.81722596
      126.17500   296907.21649485    10100.98863003
      126.22500   309278.35051546    10309.27835052
      126.27500   304467.35395189    10228.78080147
      126.32500   283505.15463918     9870.38255419
      126.37500   292096.21993127    10018.81768874
      126.42500   294845.36082474    10065.85465009
      126.47500   296219.93127148    10089.29089753
      126.52500   314776.63230241    10400.51268070
